molecule_chembl_id,canonical_smiles,standard_type,standard_value,standard_units,Activity
CHEMBL196076,C/C(=N/NC(=O)c1ccncc1)c1cccc(CN2CCN(c3ccc(F)cc3)CC2)c1O,IC50,13970.0,nM,No
CHEMBL64,NNC(=O)c1ccncc1,IC50,45570.0,nM,No
CHEMBL382508,C/C(=N/NC(=O)c1ccncc1)c1cccc(CN(C)C)c1O,IC50,20000.0,nM,No
CHEMBL371672,CCN(CC)Cc1cccc(/C(C)=N\NC(=O)c2ccncc2)c1O,IC50,18350.0,nM,No
CHEMBL198453,CCCCN(CCCC)Cc1cccc(/C(C)=N\NC(=O)c2ccncc2)c1O,IC50,15760.0,nM,No
CHEMBL198317,C/C(=N/NC(=O)c1ccncc1)c1cccc(CN2CCCCC2)c1O,IC50,17730.0,nM,No
CHEMBL199042,C/C(=N/NC(=O)c1ccncc1)c1cccc(CN2CCCC2)c1O,IC50,18470.0,nM,No
CHEMBL373203,C/C(=N/NC(=O)c1ccncc1)c1cccc(CN2CCOCC2)c1O,IC50,17630.0,nM,No
CHEMBL198433,C/C(=N/NC(=O)c1ccncc1)c1cccc(CN(c2ccccc2)c2ccccc2)c1O,IC50,14320.0,nM,No
CHEMBL198434,C/C(=N/NC(=O)c1ccncc1)c1cccc(CN2CCNCC2)c1O,IC50,17680.0,nM,No
CHEMBL199044,C/C(=N/NC(=O)c1ccncc1)c1cccc(CN2CCN(C)CC2)c1O,IC50,17200.0,nM,No
CHEMBL196824,C/C(=N/NC(=O)c1ccncc1)c1cccc(CN(Cc2ccccc2)Cc2ccccc2)c1O,IC50,13460.0,nM,No
CHEMBL372195,C/C(=N/NC(=O)c1ccncc1)c1cccc(CN2CCN(c3cc4c(cc3F)c(=O)c(C(=O)O)cn4C3CC3)CC2)c1O,IC50,10440.0,nM,No
CHEMBL197582,CCn1cc(C(=O)O)c(=O)c2cc(F)c(N3CCN(Cc4cccc(/C(C)=N\NC(=O)c5ccncc5)c4O)C(C)C3)c(F)c21,IC50,10100.0,nM,No
CHEMBL197852,C/C(=N/NC(=O)c1ccncc1)c1cccc(CN2CCN(c3ccccn3)CC2)c1O,IC50,14520.0,nM,No
CHEMBL381467,C/C(=N/NC(=O)c1ccncc1)c1cccc(CN2CCN(Cc3ccccc3)CC2)c1O,IC50,14090.0,nM,No
CHEMBL227960,NNC(=O)c1cc(C23CC4CC(CC(C4)C2)C3)c2ccccc2n1,IC50,194.98,nM,Yes
CHEMBL227499,O=C(N/N=C/c1ccnc2cc(Cl)ccc12)c1cc(C23CC4CC(CC(C4)C2)C3)c2ccccc2n1,IC50,660.69,nM,Yes
CHEMBL375912,O=C(N/N=C/c1ccnc2ccccc12)c1cc(C23CC4CC(CC(C4)C2)C3)c2ccccc2n1,IC50,69.18,nM,Yes
CHEMBL226983,O=C(N/N=C/c1ccncc1)c1cc(C23CC4CC(CC(C4)C2)C3)c2ccccc2n1,IC50,6456.54,nM,Yes
CHEMBL373945,O=C(N/N=C/c1cccnc1)c1cc(C23CC4CC(CC(C4)C2)C3)c2ccccc2n1,IC50,13489.63,nM,No
CHEMBL228193,O=C(N/N=C/c1ccccn1)c1cc(C23CC4CC(CC(C4)C2)C3)c2ccccc2n1,IC50,2884.03,nM,Yes
CHEMBL227657,O=C(N/N=C/c1ccco1)c1cc(C23CC4CC(CC(C4)C2)C3)c2ccccc2n1,IC50,79.43,nM,Yes
CHEMBL227603,O=C(N/N=C/c1cccs1)c1cc(C23CC4CC(CC(C4)C2)C3)c2ccccc2n1,IC50,75.86,nM,Yes
CHEMBL227437,O=C(N/N=C/c1ccc[nH]1)c1cc(C23CC4CC(CC(C4)C2)C3)c2ccccc2n1,IC50,79.43,nM,Yes
CHEMBL387667,O=C(N/N=C/c1c2ccccc2cc2ccccc12)c1cc(C23CC4CC(CC(C4)C2)C3)c2ccccc2n1,IC50,6309.57,nM,Yes
CHEMBL227630,CN(C)c1ccc(/C=N/NC(=O)c2cc(C34CC5CC(CC(C5)C3)C4)c3ccccc3n2)c2ccccc12,IC50,3311.31,nM,Yes
CHEMBL227505,COc1ccc(/C=N/NC(=O)c2cc(C34CC5CC(CC(C5)C3)C4)c3ccccc3n2)c2ccccc12,IC50,9549.93,nM,Yes
CHEMBL388197,COc1ccc2ccccc2c1/C=N/NC(=O)c1cc(C23CC4CC(CC(C4)C2)C3)c2ccccc2n1,IC50,5754.4,nM,Yes
CHEMBL387500,O=C(N/N=C/c1ccc(C(F)(F)F)cc1C(F)(F)F)c1cc(C23CC4CC(CC(C4)C2)C3)c2ccccc2n1,IC50,6456.54,nM,Yes
CHEMBL227446,O=C(N/N=C/c1c(F)c(F)c(F)c(F)c1F)c1cc(C23CC4CC(CC(C4)C2)C3)c2ccccc2n1,IC50,66069.34,nM,No
CHEMBL390506,O=C(N/N=C/c1ccccc1Cl)c1cc(C23CC4CC(CC(C4)C2)C3)c2ccccc2n1,IC50,22.91,nM,Yes
CHEMBL389504,COc1ccc(/C=N/NC(=O)c2cc(C34CC5CC(CC(C5)C3)C4)c3ccccc3n2)cc1,IC50,56234.13,nM,No
CHEMBL227768,O=C(N/N=C/c1ccc(O)cc1)c1cc(C23CC4CC(CC(C4)C2)C3)c2ccccc2n1,IC50,5370.32,nM,Yes
CHEMBL425475,O=C(N/N=C/c1cccc(O)c1)c1cc(C23CC4CC(CC(C4)C2)C3)c2ccccc2n1,IC50,147.91,nM,Yes
CHEMBL388196,O=C(N/N=C/c1ccccc1)c1cc(C23CC4CC(CC(C4)C2)C3)c2ccccc2n1,IC50,77.62,nM,Yes
CHEMBL228025,CC(C)(C)/C=N/NC(=O)c1cc(C23CC4CC(CC(C4)C2)C3)c2ccccc2n1,IC50,144543.98,nM,No
CHEMBL390817,CC(C)/C=N/NC(=O)c1cc(C23CC4CC(CC(C4)C2)C3)c2ccccc2n1,IC50,9772.37,nM,Yes
CHEMBL227386,CC/C=N/NC(=O)c1cc(C23CC4CC(CC(C4)C2)C3)c2ccccc2n1,IC50,7762.47,nM,Yes
CHEMBL227385,O=C(NN(C(=O)c1ccccc1)C(=O)c1ccccc1)c1cc(C23CC4CC(CC(C4)C2)C3)c2ccccc2n1,IC50,11220.18,nM,No
CHEMBL227839,O=C(NN(CCCc1ccccc1)CCCc1ccccc1)c1cc(C23CC4CC(CC(C4)C2)C3)c2ccccc2n1,IC50,13803.84,nM,No
CHEMBL226878,O=C(NNCCCc1ccccc1)c1cc(C23CC4CC(CC(C4)C2)C3)c2ccccc2n1,IC50,14125.38,nM,No
CHEMBL227966,O=C(NN(CCc1ccccc1)CCc1ccccc1)c1cc(C23CC4CC(CC(C4)C2)C3)c2ccccc2n1,IC50,9549.93,nM,Yes
CHEMBL227433,O=C(NNCCc1ccccc1)c1cc(C23CC4CC(CC(C4)C2)C3)c2ccccc2n1,IC50,7943.28,nM,Yes
CHEMBL427461,CC(C)NNC(=O)c1cc(C23CC4CC(CC(C4)C2)C3)c2ccccc2n1,IC50,16595.87,nM,No
CHEMBL227799,O=C(NNC1CCCCC1)c1cc(C23CC4CC(CC(C4)C2)C3)c2ccccc2n1,IC50,77.62,nM,Yes
CHEMBL226768,O=C(NNC1CCCC1)c1cc(C23CC4CC(CC(C4)C2)C3)c2ccccc2n1,IC50,81.28,nM,Yes
CHEMBL223111,C=CCN(CC=C)NC(=O)c1cc(C23CC4CC(CC(C4)C2)C3)c2ccccc2n1,IC50,54954.09,nM,No
CHEMBL389515,CCCCCCN(CCCCCC)NC(=O)c1cc(C23CC4CC(CC(C4)C2)C3)c2ccccc2n1,IC50,7244.36,nM,Yes
CHEMBL389450,CCCCCCNNC(=O)c1cc(C23CC4CC(CC(C4)C2)C3)c2ccccc2n1,IC50,4786.3,nM,Yes
CHEMBL227374,CCC(C)NNC(=O)c1cc(C23CC4CC(CC(C4)C2)C3)c2ccccc2n1,IC50,512.86,nM,Yes
CHEMBL227683,CCCCN(CCCC)NC(=O)c1cc(C23CC4CC(CC(C4)C2)C3)c2ccccc2n1,IC50,8128.31,nM,Yes
CHEMBL227627,CCCCNNC(=O)c1cc(C23CC4CC(CC(C4)C2)C3)c2ccccc2n1,IC50,13489.63,nM,No
CHEMBL223447,CCCN(CCC)NC(=O)c1cc(C23CC4CC(CC(C4)C2)C3)c2ccccc2n1,IC50,5128.61,nM,Yes
CHEMBL226982,CCCNNC(=O)c1cc(C23CC4CC(CC(C4)C2)C3)c2ccccc2n1,IC50,3801.89,nM,Yes
CHEMBL228123,O=C(NNc1ccc(F)cc1)c1cc(C23CC4CC(CC(C4)C2)C3)c2ccccc2n1,IC50,1122.02,nM,Yes
CHEMBL427460,O=C(NNc1ccccc1F)c1cc(C23CC4CC(CC(C4)C2)C3)c2ccccc2n1,IC50,151.36,nM,Yes
CHEMBL227540,O=C(NNc1cccc(F)c1)c1cc(C23CC4CC(CC(C4)C2)C3)c2ccccc2n1,IC50,75.86,nM,Yes
CHEMBL387690,O=CNNC(=O)c1cc(C23CC4CC(CC(C4)C2)C3)c2ccccc2n1,IC50,75857.76,nM,No
CHEMBL228011,CC(=O)NNC(=O)c1cc(C23CC4CC(CC(C4)C2)C3)c2ccccc2n1,IC50,87.1,nM,Yes
CHEMBL256545,Oc1ccccc1C1=NN(C(=S)Nc2ccccc2)[C@H](c2ccccc2)C1,IC50,500000.0,nM,No
CHEMBL256545,Oc1ccccc1C1=NN(C(=S)Nc2ccccc2)[C@H](c2ccccc2)C1,IC50,500000.0,nM,No
CHEMBL402966,Oc1ccc([C@@H]2CC(c3ccccc3)=NN2C(=S)Nc2ccccc2)cc1,IC50,500000.0,nM,No
CHEMBL404041,COc1cc([C@@H]2CC(c3ccccc3O)=NN2C(=S)Nc2ccc(C)cc2)ccc1O,IC50,500000.0,nM,No
CHEMBL402040,COc1ccc(NC(=S)N2N=C(c3ccccc3O)C[C@H]2c2ccc(O)c(OC)c2)cc1,IC50,500000.0,nM,No
CHEMBL403142,COc1cc([C@@H]2CC(c3ccccc3O)=NN2C(=S)Nc2ccccc2OC)ccc1O,IC50,500000.0,nM,No
CHEMBL255008,COc1cc([C@@H]2CC(c3ccccc3O)=NN2C(=S)Nc2ccccc2)ccc1O,IC50,500000.0,nM,No
CHEMBL255435,Cc1ccc(NC(=S)N2N=C(c3ccccc3O)C[C@H]2c2ccc(O)cc2)cc1,IC50,500000.0,nM,No
CHEMBL427902,COc1ccc(NC(=S)N2N=C(c3ccccc3O)C[C@H]2c2ccc(O)cc2)cc1,IC50,500000.0,nM,No
CHEMBL444374,COc1ccccc1NC(=S)N1N=C(c2ccccc2O)C[C@H]1c1ccc(O)cc1,IC50,500000.0,nM,No
CHEMBL402821,COc1ccccc1NC(=S)N1N=C(c2ccccc2O)C[C@H]1c1ccccc1O,IC50,500000.0,nM,No
CHEMBL258034,COc1ccc([C@@H]2CC(c3ccccc3O)=NN2C(=S)Nc2ccccc2)cc1,IC50,500000.0,nM,No
CHEMBL255894,Oc1ccccc1C1=NN(C(=S)Nc2ccccc2)[C@H](c2ccc(Cl)cc2)C1,IC50,500000.0,nM,No
CHEMBL403164,Oc1ccccc1C1=NN(C(=S)Nc2ccccc2)[C@H](c2ccccc2Cl)C1,IC50,500000.0,nM,No
CHEMBL402966,Oc1ccc([C@@H]2CC(c3ccccc3)=NN2C(=S)Nc2ccccc2)cc1,IC50,500000.0,nM,No
CHEMBL404041,COc1cc([C@@H]2CC(c3ccccc3O)=NN2C(=S)Nc2ccc(C)cc2)ccc1O,IC50,500000.0,nM,No
CHEMBL402040,COc1ccc(NC(=S)N2N=C(c3ccccc3O)C[C@H]2c2ccc(O)c(OC)c2)cc1,IC50,500000.0,nM,No
CHEMBL403142,COc1cc([C@@H]2CC(c3ccccc3O)=NN2C(=S)Nc2ccccc2OC)ccc1O,IC50,500000.0,nM,No
CHEMBL255008,COc1cc([C@@H]2CC(c3ccccc3O)=NN2C(=S)Nc2ccccc2)ccc1O,IC50,500000.0,nM,No
CHEMBL255435,Cc1ccc(NC(=S)N2N=C(c3ccccc3O)C[C@H]2c2ccc(O)cc2)cc1,IC50,500000.0,nM,No
CHEMBL427902,COc1ccc(NC(=S)N2N=C(c3ccccc3O)C[C@H]2c2ccc(O)cc2)cc1,IC50,500000.0,nM,No
CHEMBL444374,COc1ccccc1NC(=S)N1N=C(c2ccccc2O)C[C@H]1c1ccc(O)cc1,IC50,500000.0,nM,No
CHEMBL402821,COc1ccccc1NC(=S)N1N=C(c2ccccc2O)C[C@H]1c1ccccc1O,IC50,500000.0,nM,No
CHEMBL258034,COc1ccc([C@@H]2CC(c3ccccc3O)=NN2C(=S)Nc2ccccc2)cc1,IC50,500000.0,nM,No
CHEMBL255894,Oc1ccccc1C1=NN(C(=S)Nc2ccccc2)[C@H](c2ccc(Cl)cc2)C1,IC50,500000.0,nM,No
CHEMBL403164,Oc1ccccc1C1=NN(C(=S)Nc2ccccc2)[C@H](c2ccccc2Cl)C1,IC50,500000.0,nM,No
CHEMBL403496,COc1ccccc1[C@@H]1CC(c2ccccc2O)=NN1C(=S)Nc1ccccc1,IC50,250000.0,nM,No
CHEMBL403496,COc1ccccc1[C@@H]1CC(c2ccccc2O)=NN1C(=S)Nc1ccccc1,IC50,250000.0,nM,No
CHEMBL257780,Oc1ccccc1C1=NN(C(=S)Nc2ccccc2)[C@H](c2cccs2)C1,IC50,500000.0,nM,No
CHEMBL257780,Oc1ccccc1C1=NN(C(=S)Nc2ccccc2)[C@H](c2cccs2)C1,IC50,250000.0,nM,No
CHEMBL257574,Oc1ccccc1C1=NN(C(=S)Nc2ccccc2)[C@H](c2ccco2)C1,IC50,72000.0,nM,No
CHEMBL257574,Oc1ccccc1C1=NN(C(=S)Nc2ccccc2)[C@H](c2ccco2)C1,IC50,73000.0,nM,No
CHEMBL256541,NC(=S)N1N=C(c2ccccc2O)C[C@H]1c1ccc(O)cc1,IC50,125000.0,nM,No
CHEMBL258166,Oc1ccccc1[C@@H]1CC(c2ccccc2)=NN1C(=S)Nc1ccccc1,IC50,42000.0,nM,No
CHEMBL258378,Oc1ccc(C2=NN(C(=S)Nc3ccccc3)[C@H](c3ccc(O)cc3)C2)cc1,IC50,105000.0,nM,No
CHEMBL256128,COc1ccc(NC(=S)N2N=C(c3ccc(O)cc3O)C[C@H]2c2ccc(O)c(OC)c2)cc1,IC50,167000.0,nM,No
CHEMBL258440,COc1cc([C@@H]2CC(c3ccc(O)cc3O)=NN2C(=S)Nc2ccccc2OC)ccc1O,IC50,55000.0,nM,No
CHEMBL255241,COc1cc([C@@H]2CC(c3ccc(O)cc3O)=NN2C(=S)Nc2ccccc2)ccc1O,IC50,333000.0,nM,No
CHEMBL404040,COc1ccc(NC(=S)N2N=C(c3ccc(O)cc3O)C[C@H]2c2ccc(O)cc2)cc1,IC50,250000.0,nM,No
CHEMBL257397,COc1ccccc1NC(=S)N1N=C(c2ccc(O)cc2O)C[C@H]1c1ccc(O)cc1,IC50,156000.0,nM,No
CHEMBL257608,Oc1ccc([C@@H]2CC(c3ccc(O)cc3O)=NN2C(=S)Nc2ccccc2)cc1,IC50,250000.0,nM,No
CHEMBL256309,COc1cc([C@@H]2CC(c3ccccc3O)=NN2C(=S)Nc2ccccc2C)ccc1O,IC50,96000.0,nM,No
CHEMBL255234,Cc1ccccc1NC(=S)N1N=C(c2ccccc2O)C[C@H]1c1ccc(O)cc1,IC50,83000.0,nM,No
CHEMBL402834,Oc1ccc([C@@H]2CC(c3ccccc3O)=NN2C(=S)Nc2ccccc2)cc1,IC50,4000.0,nM,Yes
CHEMBL256080,Cc1ccc(NC(=S)N2N=C(c3ccccc3O)C[C@H]2c2ccccc2O)cc1,IC50,208000.0,nM,No
CHEMBL256079,Cc1ccccc1NC(=S)N1N=C(c2ccccc2O)C[C@H]1c1ccccc1O,IC50,42000.0,nM,No
CHEMBL404731,COc1ccc(NC(=S)N2N=C(c3ccccc3O)C[C@H]2c2ccccc2O)cc1,IC50,167000.0,nM,No
CHEMBL256351,Oc1ccccc1C1=NN(C(=S)Nc2ccccc2)[C@H](c2ccccc2O)C1,IC50,65000.0,nM,No
CHEMBL256541,NC(=S)N1N=C(c2ccccc2O)C[C@H]1c1ccc(O)cc1,IC50,8000.0,nM,Yes
CHEMBL258166,Oc1ccccc1[C@@H]1CC(c2ccccc2)=NN1C(=S)Nc1ccccc1,IC50,24000.0,nM,No
CHEMBL258378,Oc1ccc(C2=NN(C(=S)Nc3ccccc3)[C@H](c3ccc(O)cc3)C2)cc1,IC50,83000.0,nM,No
CHEMBL256128,COc1ccc(NC(=S)N2N=C(c3ccc(O)cc3O)C[C@H]2c2ccc(O)c(OC)c2)cc1,IC50,125000.0,nM,No
CHEMBL258440,COc1cc([C@@H]2CC(c3ccc(O)cc3O)=NN2C(=S)Nc2ccccc2OC)ccc1O,IC50,51000.0,nM,No
CHEMBL255241,COc1cc([C@@H]2CC(c3ccc(O)cc3O)=NN2C(=S)Nc2ccccc2)ccc1O,IC50,84000.0,nM,No
CHEMBL404040,COc1ccc(NC(=S)N2N=C(c3ccc(O)cc3O)C[C@H]2c2ccc(O)cc2)cc1,IC50,63000.0,nM,No
CHEMBL257397,COc1ccccc1NC(=S)N1N=C(c2ccc(O)cc2O)C[C@H]1c1ccc(O)cc1,IC50,80000.0,nM,No
CHEMBL257608,Oc1ccc([C@@H]2CC(c3ccc(O)cc3O)=NN2C(=S)Nc2ccccc2)cc1,IC50,167000.0,nM,No
CHEMBL256309,COc1cc([C@@H]2CC(c3ccccc3O)=NN2C(=S)Nc2ccccc2C)ccc1O,IC50,101000.0,nM,No
CHEMBL255234,Cc1ccccc1NC(=S)N1N=C(c2ccccc2O)C[C@H]1c1ccc(O)cc1,IC50,29000.0,nM,No
CHEMBL402834,Oc1ccc([C@@H]2CC(c3ccccc3O)=NN2C(=S)Nc2ccccc2)cc1,IC50,3000.0,nM,Yes
CHEMBL256080,Cc1ccc(NC(=S)N2N=C(c3ccccc3O)C[C@H]2c2ccccc2O)cc1,IC50,27000.0,nM,No
CHEMBL256079,Cc1ccccc1NC(=S)N1N=C(c2ccccc2O)C[C@H]1c1ccccc1O,IC50,28000.0,nM,No
CHEMBL404731,COc1ccc(NC(=S)N2N=C(c3ccccc3O)C[C@H]2c2ccccc2O)cc1,IC50,28000.0,nM,No
CHEMBL256351,Oc1ccccc1C1=NN(C(=S)Nc2ccccc2)[C@H](c2ccccc2O)C1,IC50,29000.0,nM,No
CHEMBL490567,CC(=O)O[C@@H]1C[C@@H]2[C@@]3(C)CCCC(C)(C)[C@@H]3CC[C@@]2(C)[C@@H]2CC=C3C(=O)OC[C@@H]3[C@]21C,IC50,117000.0,nM,No
CHEMBL563548,CC(C)(C)OC(=O)NCC(=O)NNC(=O)c1cc(C23CC4CC(CC(C4)C2)C3)c2ccccc2n1,IC50,8709.64,nM,Yes
CHEMBL551152,C[C@H](NC(=O)OC(C)(C)C)C(=O)NNC(=O)c1cc(C23CC4CC(CC(C4)C2)C3)c2ccccc2n1,IC50,1737.8,nM,Yes
CHEMBL554921,CCC(C)[C@H](NC(=O)OC(C)(C)C)C(=O)NNC(=O)c1cc(C23CC4CC(CC(C4)C2)C3)c2ccccc2n1,IC50,1288.25,nM,Yes
CHEMBL559572,CC(C)C[C@H](NC(=O)OC(C)(C)C)C(=O)NNC(=O)c1cc(C23CC4CC(CC(C4)C2)C3)c2ccccc2n1,IC50,1288.25,nM,Yes
CHEMBL554723,CSCC[C@H](NC(=O)OC(C)(C)C)C(=O)NNC(=O)c1cc(C23CC4CC(CC(C4)C2)C3)c2ccccc2n1,IC50,8912.51,nM,Yes
CHEMBL564206,CC(C)(C)OC(=O)N[C@@H](CCC(N)=O)C(=O)NNC(=O)c1cc(C23CC4CC(CC(C4)C2)C3)c2ccccc2n1,IC50,10964.78,nM,No
CHEMBL553248,CC(C)(C)OC(=O)N[C@@H](Cc1ccccc1)C(=O)NNC(=O)c1cc(C23CC4CC(CC(C4)C2)C3)c2ccccc2n1,IC50,1949.84,nM,Yes
CHEMBL541190,CC(C)(C)OC(=O)N[C@@H](Cc1ccc(OCc2ccccc2)cc1)C(=O)NNC(=O)c1cc(C23CC4CC(CC(C4)C2)C3)c2ccccc2n1,IC50,12882.5,nM,No
CHEMBL554333,CC(C)(C)OC(=O)N[C@@H](Cc1c[nH]c2ccccc12)C(=O)NNC(=O)c1cc(C23CC4CC(CC(C4)C2)C3)c2ccccc2n1,IC50,51.29,nM,Yes
CHEMBL554334,CC(C)(C)OC(=O)N[C@@H](Cc1c[nH]cn1)C(=O)NNC(=O)c1cc(C23CC4CC(CC(C4)C2)C3)c2ccccc2n1,IC50,56.23,nM,Yes
CHEMBL555460,CC(C)(C)OC(=O)NCCC[C@H](NC(=O)OC(C)(C)C)C(=O)NNC(=O)c1cc(C23CC4CC(CC(C4)C2)C3)c2ccccc2n1,IC50,3090.3,nM,Yes
CHEMBL539953,CC(C)(C)OC(=O)NCCCC[C@H](NC(=O)OC(C)(C)C)C(=O)NNC(=O)c1cc(C23CC4CC(CC(C4)C2)C3)c2ccccc2n1,IC50,3388.44,nM,Yes
CHEMBL561704,CC(C)(C)OC(=O)N[C@@H](CCCNC(=N)N)C(=O)NNC(=O)c1cc(C23CC4CC(CC(C4)C2)C3)c2ccccc2n1,IC50,54.95,nM,Yes
CHEMBL552241,NCC(=O)NNC(=O)c1cc(C23CC4CC(CC(C4)C2)C3)c2ccccc2n1,IC50,30199.52,nM,No
CHEMBL564486,C[C@H](N)C(=O)NNC(=O)c1cc(C23CC4CC(CC(C4)C2)C3)c2ccccc2n1,IC50,22908.68,nM,No
CHEMBL562407,CCC(C)[C@H](N)C(=O)NNC(=O)c1cc(C23CC4CC(CC(C4)C2)C3)c2ccccc2n1,IC50,4786.3,nM,Yes
CHEMBL563590,CC(C)C[C@H](N)C(=O)NNC(=O)c1cc(C23CC4CC(CC(C4)C2)C3)c2ccccc2n1,IC50,4786.3,nM,Yes
CHEMBL564779,CSCC[C@H](N)C(=O)NNC(=O)c1cc(C23CC4CC(CC(C4)C2)C3)c2ccccc2n1,IC50,9549.93,nM,Yes
CHEMBL557879,NC(=O)CC[C@H](N)C(=O)NNC(=O)c1cc(C23CC4CC(CC(C4)C2)C3)c2ccccc2n1,IC50,16982.44,nM,No
CHEMBL564030,N[C@@H](Cc1ccccc1)C(=O)NNC(=O)c1cc(C23CC4CC(CC(C4)C2)C3)c2ccccc2n1,IC50,3162.28,nM,Yes
CHEMBL563591,N[C@@H](Cc1ccc(O)cc1)C(=O)NNC(=O)c1cc(C23CC4CC(CC(C4)C2)C3)c2ccccc2n1,IC50,13803.84,nM,No
CHEMBL561292,N[C@@H](Cc1c[nH]c2ccccc12)C(=O)NNC(=O)c1cc(C23CC4CC(CC(C4)C2)C3)c2ccccc2n1,IC50,9772.37,nM,Yes
CHEMBL551843,N[C@@H](Cc1c[nH]cn1)C(=O)NNC(=O)c1cc(C23CC4CC(CC(C4)C2)C3)c2ccccc2n1,IC50,1862.09,nM,Yes
CHEMBL558879,NCCC[C@H](N)C(=O)NNC(=O)c1cc(C23CC4CC(CC(C4)C2)C3)c2ccccc2n1,IC50,40738.03,nM,No
CHEMBL561500,NCCCC[C@H](N)C(=O)NNC(=O)c1cc(C23CC4CC(CC(C4)C2)C3)c2ccccc2n1,IC50,7244.36,nM,Yes
CHEMBL550352,N=C(N)NCCC[C@H](N)C(=O)NNC(=O)c1cc(C23CC4CC(CC(C4)C2)C3)c2ccccc2n1,IC50,1148.15,nM,Yes
CHEMBL551701,COC(=O)CNC(=O)c1cc(C23CC4CC(CC(C4)C2)C3)c2ccccc2n1,IC50,15488.17,nM,No
CHEMBL565223,COC(=O)[C@H](C)NC(=O)c1cc(C23CC4CC(CC(C4)C2)C3)c2ccccc2n1,IC50,5888.44,nM,Yes
CHEMBL563722,CC[C@H](C)[C@H](NC(=O)c1cc(C23CC4CC(CC(C4)C2)C3)c2ccccc2n1)C(=O)OC,IC50,1621.81,nM,Yes
CHEMBL564307,COC(=O)[C@H](CC(C)C)NC(=O)c1cc(C23CC4CC(CC(C4)C2)C3)c2ccccc2n1,IC50,2951.21,nM,Yes
CHEMBL564573,COC(=O)[C@H](CCSC)NC(=O)c1cc(C23CC4CC(CC(C4)C2)C3)c2ccccc2n1,IC50,2290.87,nM,Yes
CHEMBL562025,COC(=O)[C@H](CCC(N)=O)NC(=O)c1cc(C23CC4CC(CC(C4)C2)C3)c2ccccc2n1,IC50,11481.54,nM,No
CHEMBL550010,COC(=O)[C@H](Cc1ccccc1)NC(=O)c1cc(C23CC4CC(CC(C4)C2)C3)c2ccccc2n1,IC50,8912.51,nM,Yes
CHEMBL554145,COC(=O)[C@H](Cc1ccc(OCc2ccccc2)cc1)NC(=O)c1cc(C23CC4CC(CC(C4)C2)C3)c2ccccc2n1,IC50,7943.28,nM,Yes
CHEMBL564125,COC(=O)[C@H](Cc1c[nH]c2ccccc12)NC(=O)c1cc(C23CC4CC(CC(C4)C2)C3)c2ccccc2n1,IC50,4168.69,nM,Yes
CHEMBL559953,COC(=O)[C@H](Cc1c[nH]cn1)NC(=O)c1cc(C23CC4CC(CC(C4)C2)C3)c2ccccc2n1,IC50,69.18,nM,Yes
CHEMBL553858,COC(=O)[C@H](CCCNC(=O)OCc1ccccc1)NC(=O)c1cc(C23CC4CC(CC(C4)C2)C3)c2ccccc2n1,IC50,5888.44,nM,Yes
CHEMBL540238,COC(=O)[C@H](CCCCNC(=O)OCc1ccccc1)NC(=O)c1cc(C23CC4CC(CC(C4)C2)C3)c2ccccc2n1,IC50,3162.28,nM,Yes
CHEMBL558427,COC(=O)[C@H](CCCNC(=N)N)NC(=O)c1cc(C23CC4CC(CC(C4)C2)C3)c2ccccc2n1,IC50,134.9,nM,Yes
CHEMBL562289,NNC(=O)CNC(=O)c1cc(C23CC4CC(CC(C4)C2)C3)c2ccccc2n1,IC50,7079.46,nM,Yes
CHEMBL564412,C[C@H](NC(=O)c1cc(C23CC4CC(CC(C4)C2)C3)c2ccccc2n1)C(=O)NN,IC50,3548.13,nM,Yes
CHEMBL557880,CC[C@H](C)[C@H](NC(=O)c1cc(C23CC4CC(CC(C4)C2)C3)c2ccccc2n1)C(=O)NN,IC50,6165.95,nM,Yes
CHEMBL554747,CC(C)C[C@H](NC(=O)c1cc(C23CC4CC(CC(C4)C2)C3)c2ccccc2n1)C(=O)NN,IC50,2951.21,nM,Yes
CHEMBL565087,CSCC[C@H](NC(=O)c1cc(C23CC4CC(CC(C4)C2)C3)c2ccccc2n1)C(=O)NN,IC50,6606.93,nM,Yes
CHEMBL562408,NNC(=O)[C@H](CCC(N)=O)NC(=O)c1cc(C23CC4CC(CC(C4)C2)C3)c2ccccc2n1,IC50,14125.38,nM,No
CHEMBL551153,NNC(=O)[C@H](Cc1ccccc1)NC(=O)c1cc(C23CC4CC(CC(C4)C2)C3)c2ccccc2n1,IC50,13489.63,nM,No
CHEMBL565011,NNC(=O)[C@H](Cc1ccc(O)cc1)NC(=O)c1cc(C23CC4CC(CC(C4)C2)C3)c2ccccc2n1,IC50,16595.87,nM,No
CHEMBL551296,NNC(=O)[C@H](Cc1c[nH]c2ccccc12)NC(=O)c1cc(C23CC4CC(CC(C4)C2)C3)c2ccccc2n1,IC50,8317.64,nM,Yes
CHEMBL562026,NNC(=O)[C@H](Cc1c[nH]cn1)NC(=O)c1cc(C23CC4CC(CC(C4)C2)C3)c2ccccc2n1,IC50,138.04,nM,Yes
CHEMBL563064,NCCC[C@H](NC(=O)c1cc(C23CC4CC(CC(C4)C2)C3)c2ccccc2n1)C(=O)NN,IC50,12302.69,nM,No
CHEMBL560161,NCCCC[C@H](NC(=O)c1cc(C23CC4CC(CC(C4)C2)C3)c2ccccc2n1)C(=O)NN,IC50,19498.45,nM,No
CHEMBL550354,N=C(N)NCCC[C@H](NC(=O)c1cc(C23CC4CC(CC(C4)C2)C3)c2ccccc2n1)C(=O)NN,IC50,21.38,nM,Yes
CHEMBL562223,C[C@H](C/C=C\C(C)(C)OO)[C@H]1CC[C@@]2(C)[C@@H]3CC[C@H]4C(C)(C)[C@@H](O)CC[C@@]45C[C@@]35CC[C@]12C,IC50,27300.0,nM,No
CHEMBL509849,O=C1C(Br)=CC2(C=C1Br)CCNC1=C2C2=NCCc3c[nH]c(c32)C1=O,IC50,6800.0,nM,Yes
CHEMBL1254641,CCCCCCCCCCCCOc1cccc(C2(O)NC(=O)c3cnccc32)c1,IC50,156000.0,nM,No
CHEMBL1254721,CCCCCCCCCCCCc1cccc(C2(O)NC(=O)c3cnccc32)c1,IC50,9800.0,nM,Yes
CHEMBL1254722,CCCCCCCCc1cccc(C2(O)NC(=O)c3cnccc32)c1,IC50,19500.0,nM,No
CHEMBL1254805,CCCCCCCCCCCCc1cccc(C2(O)NC(=O)c3c[n+](CC(=O)OCC)ccc32)c1.[Br-],IC50,39000.0,nM,No
CHEMBL1254890,CCCCCCCCCCCCc1cccc(C(=O)C2C=CN(CC(=O)OCC)C=C2C(N)=O)c1,IC50,9800.0,nM,Yes
CHEMBL64,NNC(=O)c1ccncc1,IC50,300.0,nM,Yes
CHEMBL1258197,Cc1cc(O)cc(CC[C@](C)(O)CCC[C@H](C)CCC[C@H](C)CCCC(C)C)c1O,IC50,100000.0,nM,No
CHEMBL64,NNC(=O)c1ccncc1,IC50,15000.0,nM,No
CHEMBL553206,Cc1ccc(-c2ccc(COc3c4cc(CCNC(=N)N)cc3Cc3cc(CCNC(=N)N)cc(c3O)Cc3cc(CCNC(=N)N)cc(c3OCc3ccc(-c5ccc(C)cn5)nc3)Cc3cc(CCNC(=N)N)cc(c3O)C4)cn2)nc1.O=C(O)C(F)(F)F,IC50,100.0,nM,Yes
CHEMBL555673,Cc1csc(-c2nc(COc3c4cc(CCNC(=N)N)cc3Cc3cc(CCNC(=N)N)cc(c3O)Cc3cc(CCNC(=N)N)cc(c3OCc3csc(-c5nc(C)cs5)n3)Cc3cc(CCNC(=N)N)cc(c3O)C4)cs2)n1.O=C(O)C(F)(F)F,IC50,100.0,nM,Yes
CHEMBL556106,N=C(N)NCCc1cc2c(O)c(c1)Cc1cc(CCNC(=N)N)cc(c1O)Cc1cc(CCNC(=N)N)cc(c1O)Cc1cc(CCNC(=N)N)cc(c1O)C2.O=C(O)C(F)(F)F,IC50,100.0,nM,Yes
CHEMBL1958229,Cc1ccc(-c2ccc(COc3c4cc(CCN)cc3Cc3cc(CCN)cc(c3O)Cc3cc(CCN)cc(c3OCc3ccc(-c5ccc(C)cn5)nc3)Cc3cc(CCN)cc(c3O)C4)cn2)nc1.O=C(O)C(F)(F)F,IC50,500.0,nM,Yes
CHEMBL1958226,Cl.NCCc1cc2c(O)c(c1)Cc1cc(CCN)cc(c1O)Cc1cc(CCN)cc(c1O)Cc1cc(CCN)cc(c1O)C2,IC50,700.0,nM,Yes
CHEMBL240957,O=C(c1ccccc1)N1CCN(C(c2ccc(F)cc2)c2ccc(F)cc2)CC1,IC50,2041.74,nM,Yes
CHEMBL240740,Cc1ccc(C(=O)N2CCN(C(c3ccc(F)cc3)c3ccc(F)cc3)CC2)cc1,IC50,1905.46,nM,Yes
CHEMBL240739,O=C(c1ccc2[nH]ccc2c1)N1CCN(C(c2ccc(F)cc2)c2ccc(F)cc2)CC1,IC50,1047.13,nM,Yes
CHEMBL240533,O=C(c1ccccc1)N1CCN(C2c3ccccc3-c3ccccc32)CC1,IC50,89.13,nM,Yes
CHEMBL392127,Cc1ccc(C(=O)N2CCN(C3c4ccccc4-c4ccccc43)CC2)cc1,IC50,398.11,nM,Yes
CHEMBL240530,Cc1ccc(C(=O)N2CCC(Cc3ccccc3)CC2)cc1,IC50,5128.61,nM,Yes
CHEMBL437002,O=C(c1ccccc1F)N1CCC(Cc2ccccc2)CC1,IC50,14125.38,nM,No
CHEMBL240318,O=C(c1cccc(Cl)c1)N1CCC(Cc2ccccc2)CC1,IC50,7762.47,nM,Yes
CHEMBL240317,O=C(c1ccccc1)N1CCN(Cc2ccccc2)CC1,IC50,31622.78,nM,No
CHEMBL240316,O=C(c1ccc(Cl)c(Cl)c1)N1CCN(c2ccccc2)CC1,IC50,17782.79,nM,No
CHEMBL429994,O=C(c1ccc(Cl)c(Cl)c1)N1CCN(c2cccc(Cl)c2)CC1,IC50,6025.6,nM,Yes
CHEMBL240105,O=C(c1cccc(Cl)c1)N1CCN(c2cccc(Cl)c2)CC1,IC50,6760.83,nM,Yes
CHEMBL239674,O=C(c1ccc(F)cc1)N1CCN(c2cccc(Cl)c2)CC1,IC50,9772.37,nM,Yes
CHEMBL394433,O=C(c1ccccc1F)N1CCN(c2cccc(Cl)c2)CC1,IC50,13803.84,nM,No
CHEMBL429275,Cc1ccc(N2CCN(C(=O)c3ccc(C(C)(C)C)cc3)CC2)cc1Cl,IC50,100000.0,nM,No
CHEMBL239892,CC(C)(C)c1ccc(C(=O)N2CCN(c3cccc(C(F)(F)F)c3)CC2)cc1,IC50,100000.0,nM,No
CHEMBL239891,CC(C)(C)c1ccc(C(=O)N2CCN(c3cccc(Cl)c3)CC2)cc1,IC50,100000.0,nM,No
CHEMBL394432,CC(C)c1ccc(C(=O)N2CCN(c3cccc(Cl)c3)CC2)cc1,IC50,100000.0,nM,No
CHEMBL239890,Cc1ccc(C(=O)N2CCN(c3cccc(C(F)(F)F)c3)CC2)cc1C,IC50,1862.09,nM,Yes
CHEMBL239673,Cc1ccc(C(=O)N2CCN(c3cccc(Cl)c3)CC2)cc1C,IC50,1000.0,nM,Yes
CHEMBL398032,Cc1cccc(C(=O)N2CCN(c3ccc([N+](=O)[O-])cc3)CC2)c1,IC50,15488.17,nM,No
CHEMBL239459,Cc1cccc(C(=O)N2CCN(c3cccc(Cl)c3)CC2)c1,IC50,9332.54,nM,Yes
CHEMBL430180,Cc1ccc(C(=O)N2CCN(c3cccc(Cl)c3)CC2)cc1,IC50,3090.3,nM,Yes
CHEMBL398031,Cc1ccc(C(=O)N2CCN(c3cccc(C(F)(F)F)c3)CC2)cc1,IC50,6309.57,nM,Yes
CHEMBL239457,Cc1ccc(C(=O)N2CCN(c3ccccc3)CC2)cc1,IC50,16595.87,nM,No
CHEMBL240734,O=C(c1ccccc1)N1CCN(c2ccccc2)CC1,IC50,38904.51,nM,No
CHEMBL3139953,O=C(CCCc1ccccc1)N(O)CCCP(=O)(O)O,IC50,17800.0,nM,No
CHEMBL379849,O=C1/C(=C/c2ccccc2F)CNC/C1=C\c1ccccc1F,IC50,20000.0,nM,No
CHEMBL2338333,CN1C/C(=C\c2ccccn2)C(=O)/C(=C/c2ccccn2)C1,IC50,7000.0,nM,Yes
CHEMBL379849,O=C1/C(=C/c2ccccc2F)CNC/C1=C\c1ccccc1F,IC50,20000.0,nM,No
CHEMBL2338333,CN1C/C(=C\c2ccccn2)C(=O)/C(=C/c2ccccn2)C1,IC50,10000.0,nM,Yes
CHEMBL379849,O=C1/C(=C/c2ccccc2F)CNC/C1=C\c1ccccc1F,IC50,50000.0,nM,No
CHEMBL2338333,CN1C/C(=C\c2ccccn2)C(=O)/C(=C/c2ccccn2)C1,IC50,20000.0,nM,No
CHEMBL2338333,CN1C/C(=C\c2ccccn2)C(=O)/C(=C/c2ccccn2)C1,IC50,4000.0,nM,Yes
CHEMBL3581506,NC(=O)c1ccc(-c2ccccn2)s1,IC50,39200.0,nM,No
CHEMBL3581507,NC(=O)c1ccc(-n2ccnc2)cc1,IC50,1000000.0,nM,No
CHEMBL3581508,CNCc1ccc(Cn2cccn2)cc1,IC50,1000000.0,nM,No
CHEMBL344115,O=C(c1ccccc1)C1CCNCC1,IC50,259500.0,nM,No
CHEMBL3581510,CC(=O)Nc1ccc2c(c1)C=CC2=O,IC50,1000000.0,nM,No
CHEMBL1770734,NCc1nc2ccccc2s1,IC50,367600.0,nM,No
CHEMBL3338938,N=C(N)NCCc1ccc(OCc2ccccc2COc2ccc(CCNC(=N)N)cc2)cc1.O=C(O)C(F)(F)F,IC50,900.0,nM,Yes
CHEMBL3338939,N=C(N)NCCc1ccc(OCc2cccc(COc3ccc(CCNC(=N)N)cc3)c2)cc1.O=C(O)C(F)(F)F,IC50,300.0,nM,Yes
CHEMBL3338940,N=C(N)NCCc1ccc(OCc2ccc(COc3ccc(CCNC(=N)N)cc3)cc2)cc1.O=C(O)C(F)(F)F,IC50,200.0,nM,Yes
CHEMBL3338942,N=C(N)NCCc1ccc(OCc2cc(COc3ccc(CCNC(=N)N)cc3)c(COc3ccc(CCNC(=N)N)cc3)cc2COc2ccc(CCNC(=N)N)cc2)cc1.O=C(O)C(F)(F)F,IC50,30.0,nM,Yes
CHEMBL1182838,N=C(N)NCCc1cc2c(O)c(c1)Cc1cc(CCNC(=N)N)cc(c1O)Cc1cc(CCNC(=N)N)cc(c1O)Cc1cc(CCNC(=N)N)cc(c1O)C2,IC50,100.0,nM,Yes
CHEMBL64,NNC(=O)c1ccncc1,IC50,650.0,nM,Yes
CHEMBL8,O=C(O)c1cn(C2CC2)c2cc(N3CCNCC3)c(F)cc2c1=O,IC50,1800.0,nM,Yes
CHEMBL512244,O=[N+]([O-])c1cn2c(n1)OC[C@H](OCc1ccc(OC(F)(F)F)cc1)C2,IC50,160.0,nM,Yes
CHEMBL227875,O=[N+]([O-])c1cn2c(n1)OC[C@@H](OCc1ccc(OC(F)(F)F)cc1)C2,IC50,900.0,nM,Yes
CHEMBL36,CCc1nc(N)nc(N)c1-c1ccc(Cl)cc1,IC50,37350.0,nM,No
CHEMBL64,NNC(=O)c1ccncc1,IC50,180.0,nM,Yes
CHEMBL44884,CC[C@@H](CO)NCCN[C@@H](CC)CO,IC50,1560.0,nM,Yes
CHEMBL771,N[C@@H]1CONC1=O,IC50,12470.0,nM,No
CHEMBL177,NCC[C@H](O)C(=O)N[C@@H]1C[C@H](N)[C@@H](O[C@H]2O[C@H](CN)[C@@H](O)[C@H](O)[C@H]2O)[C@H](O)[C@H]1O[C@H]1O[C@H](CO)[C@@H](O)[C@H](N)[C@H]1O,IC50,70.0,nM,Yes
CHEMBL4060832,CN1CC2C(=O)N(Cc3ccccc3)C(=O)C2C12C(=O)c1ccccc1C2=O,IC50,54950.0,nM,No
CHEMBL4089033,CN1CC2C(=O)N(C3CCCCC3)C(=O)C2C12C(=O)c1ccccc1C2=O,IC50,15870.0,nM,No
CHEMBL4088091,CN1C(=O)C2CN(C)C3(C(=O)c4ccccc4C3=O)C2C1=O,IC50,22870.0,nM,No
CHEMBL4066805,COc1ccccc1N1C(=O)C2CN(C)C3(C(=O)c4ccccc4C3=O)C2C1=O,IC50,28280.0,nM,No
CHEMBL4080216,CN1CC2C(=O)N(c3cccc(F)c3)C(=O)C2C12C(=O)c1ccccc1C2=O,IC50,28570.0,nM,No
CHEMBL4104459,CN1CC2C(=O)N(c3ccc([N+](=O)[O-])cc3)C(=O)C2C12C(=O)c1ccccc1C2=O,IC50,47200.0,nM,No
CHEMBL4072825,COc1ccc(N2C(=O)C3CN(C)C4(C(=O)c5ccccc5C4=O)C3C2=O)cc1,IC50,17200.0,nM,No
CHEMBL4093532,CC(C)c1ccc(N2C(=O)C3CN(C)C4(C(=O)c5ccccc5C4=O)C3C2=O)cc1,IC50,28460.0,nM,No
CHEMBL4069096,CCc1ccc(N2C(=O)C3CN(C)C4(C(=O)c5ccccc5C4=O)C3C2=O)cc1,IC50,21910.0,nM,No
CHEMBL4090159,Cc1ccc(N2C(=O)C3CN(C)C4(C(=O)c5ccccc5C4=O)C3C2=O)cc1,IC50,39950.0,nM,No
CHEMBL4079853,CN1CC2C(=O)N(c3ccccc3)C(=O)C2C12C(=O)c1ccccc1C2=O,IC50,13190.0,nM,No
CHEMBL4097877,CN1CC2C(=O)N(c3ccc(Br)cc3)C(=O)C2C12C(=O)c1ccccc1C2=O,IC50,11070.0,nM,No
CHEMBL4098808,CN1CC2C(=O)N(c3ccc(Cl)cc3)C(=O)C2C12C(=O)c1ccccc1C2=O,IC50,1300.0,nM,Yes
CHEMBL4071803,CN1CC2C(=O)N(c3ccc(F)cc3)C(=O)C2C12C(=O)c1ccccc1C2=O,IC50,2170.0,nM,Yes
CHEMBL4105150,Cc1cn(C2CCN(Cc3cc(Oc4cccc(Cl)c4)c4ccccc4n3)CC2)c(=O)[nH]c1=O,IC50,960.0,nM,Yes
CHEMBL4094973,Cc1cn(C2CCN(Cc3cc(Oc4ccccc4)c4ccccc4n3)CC2)c(=O)[nH]c1=O,IC50,32510.0,nM,No
CHEMBL4094077,Cc1cn(C2CCN(Cc3ccc4ccccc4n3)CC2)c(=O)[nH]c1=O,IC50,64000.0,nM,No
CHEMBL4085022,Cc1cn(C2CCN(Cc3ccc(-c4nnn[nH]4)cc3)CC2)c(=O)[nH]c1=O,IC50,64000.0,nM,No
CHEMBL4069926,Cc1cn(C2CCN(Cc3ccc(Cl)c(Cl)c3)CC2)c(=O)[nH]c1=O,IC50,60450.0,nM,No
CHEMBL2179292,Cc1cn([C@H]2CCCN(Cc3cccc(Oc4ccccc4)c3)C2)c(=O)[nH]c1=O,IC50,64000.0,nM,No
CHEMBL4082962,Cc1nc(-c2ccccc2)oc1-c1csc(-c2ccccc2)n1,IC50,8660.0,nM,Yes
CHEMBL4100941,Cc1nc(-c2ccccc2)oc1-c1csc(-c2ccc(Br)cc2)n1,IC50,100000.0,nM,No
CHEMBL4067631,Cc1nc(-c2ccccc2)oc1-c1csc(-c2cccc(Cl)c2)n1,IC50,100000.0,nM,No
CHEMBL4088854,Cc1nc(-c2ccccc2)oc1-c1csc(-c2ccc(Cl)cc2)n1,IC50,100000.0,nM,No
CHEMBL4073558,Cc1nc(-c2ccccc2)oc1-c1csc(-c2ccc(F)c(Cl)c2)n1,IC50,100000.0,nM,No
CHEMBL4100388,Cc1nc(-c2ccccc2)oc1-c1csc(-c2ccc(F)cc2)n1,IC50,100000.0,nM,No
CHEMBL4064965,Cc1ccc(-c2nc(-c3oc(-c4ccccc4)nc3C)cs2)cc1,IC50,100000.0,nM,No
CHEMBL4102850,Cc1nc(-c2ccccc2)oc1-c1csc(Cc2cccc(Cl)c2)n1,IC50,230.0,nM,Yes
CHEMBL4084902,Cc1nc(-c2ccccc2)oc1-c1csc(Cc2ccc(Cl)cc2)n1,IC50,350.0,nM,Yes
CHEMBL4074635,Cc1nc(-c2ccc(F)cc2)oc1-c1csc(-c2ccccc2)n1,IC50,100000.0,nM,No
CHEMBL4061124,Cc1nc(-c2ccc(F)cc2)oc1-c1csc(-c2ccc(Br)cc2)n1,IC50,100000.0,nM,No
CHEMBL4089295,Cc1nc(-c2ccc(F)cc2)oc1-c1csc(-c2cccc(Cl)c2)n1,IC50,100000.0,nM,No
CHEMBL4078147,Cc1nc(-c2ccc(F)cc2)oc1-c1csc(-c2ccc(Cl)cc2)n1,IC50,100000.0,nM,No
CHEMBL4074402,Cc1nc(-c2ccc(F)cc2)oc1-c1csc(-c2ccc(F)c(Cl)c2)n1,IC50,100000.0,nM,No
CHEMBL4093401,Cc1nc(-c2ccc(F)cc2)oc1-c1csc(-c2ccc(F)cc2)n1,IC50,100000.0,nM,No
CHEMBL4065785,Cc1ccc(-c2nc(-c3oc(-c4ccc(F)cc4)nc3C)cs2)cc1,IC50,100000.0,nM,No
CHEMBL4065075,Cc1nc(-c2ccc(F)cc2)oc1-c1csc(Cc2ccccc2)n1,IC50,490.0,nM,Yes
CHEMBL4103590,Cc1nc(-c2ccc(F)cc2)oc1-c1csc(Cc2cccc(Cl)c2)n1,IC50,230.0,nM,Yes
CHEMBL4077804,Cc1nc(-c2ccc(F)cc2)oc1-c1csc(Cc2ccc(Cl)cc2)n1,IC50,100000.0,nM,No
CHEMBL4095832,Cc1nc(-c2ccc(F)cc2)oc1-c1csc(Cc2ccc(F)cc2)n1,IC50,180.0,nM,Yes
CHEMBL374478,CO[C@H]1/C=C/O[C@@]2(C)Oc3c(C)c(O)c4c(O)c(c(/C=N/N5CCN(C)CC5)c(O)c4c3C2=O)NC(=O)/C(C)=C\C=C\[C@H](C)[C@H](O)[C@@H](C)[C@@H](O)[C@@H](C)[C@H](OC(C)=O)[C@@H]1C,IC50,2.4,nM,Yes
CHEMBL4098606,CCCCc1ccc(Nc2nc(C)cs2)cc1,IC50,5.0,nM,Yes
CHEMBL4080572,CCC(C)c1ccc(Nc2nc(C)cs2)cc1,IC50,40.0,nM,Yes
CHEMBL4070233,Cc1csc(Nc2ccc(C(C)C)cc2)n1,IC50,10.0,nM,Yes
CHEMBL4090185,CCc1ccc(Nc2nc(C)cs2)cc1,IC50,120.0,nM,Yes
CHEMBL1537258,Cc1ccc(Nc2nc(C)cs2)cc1,IC50,20000.0,nM,No
CHEMBL4097899,Cc1csc(Nc2ccc(C(C)(C)C)cc2)n1,IC50,40.0,nM,Yes
CHEMBL4098832,CCCCCc1ccc(Nc2nc(C)cs2)cc1,IC50,40.0,nM,Yes
CHEMBL4071838,CCCCCCc1ccc(Nc2nc(C)cs2)cc1,IC50,50.0,nM,Yes
CHEMBL4060432,Cc1csc(Nc2ccc(C(C)(C)O)cc2)n1,IC50,60.0,nM,Yes
CHEMBL4082339,CCCOc1ccc(Nc2nc(C)cs2)cc1,IC50,150.0,nM,Yes
CHEMBL4103208,Cc1csc(Nc2ccc(COCC(F)(F)F)cc2)n1,IC50,40.0,nM,Yes
CHEMBL4078933,Cc1csc(Nc2ccc(OCCO)cc2)n1,IC50,3190.0,nM,Yes
CHEMBL4073789,CCC(O)Cc1ccc(Nc2nc(C)cs2)cc1,IC50,400.0,nM,Yes
CHEMBL4100589,CCNCc1ccc(Nc2nc(C)cs2)cc1,IC50,20000.0,nM,No
CHEMBL4084141,Cc1csc(Nc2ccc(CCN(C)C)cc2)n1,IC50,20000.0,nM,No
CHEMBL4062432,Cc1csc(Nc2ccc(OC3CCCC3)cc2)n1,IC50,70.0,nM,Yes
CHEMBL4091900,CCCCc1ccc(Nc2nc(CC(=O)O)cs2)cc1,IC50,150.0,nM,Yes
CHEMBL4071071,CCCCc1ccc(Nc2nc(CC(N)=O)cs2)cc1,IC50,860.0,nM,Yes
CHEMBL4099632,CCCCc1ccc(Nc2nc(C(C)C(=O)O)cs2)cc1,IC50,140.0,nM,Yes
CHEMBL4081630,CCCCc1ccc(Nc2nc(C(C)(C)C(=O)O)cs2)cc1,IC50,140.0,nM,Yes
CHEMBL4087603,CCCCc1ccc(Nc2nc(C(=O)O)cs2)cc1,IC50,20000.0,nM,No
CHEMBL4066245,CC(C)(C)c1ccc(Nc2nc(CC(=O)O)cs2)cc1,IC50,70.0,nM,Yes
CHEMBL4092864,CCCCc1ccc(Nc2nc(CC(=O)O)c(C)s2)cc1,IC50,100.0,nM,Yes
CHEMBL4076065,CCCCc1ccc(Nc2nc(CC(=O)O)c(Cl)s2)cc1,IC50,70.0,nM,Yes
CHEMBL4085115,CCC(C)c1ccc(Nc2nc(CC(=O)O)cs2)cc1,IC50,70.0,nM,Yes
CHEMBL4103064,O=C(O)Cc1csc(Nc2ccc(OCCC(F)(F)F)cc2)n1,IC50,270.0,nM,Yes
CHEMBL4098606,CCCCc1ccc(Nc2nc(C)cs2)cc1,IC50,40.0,nM,Yes
CHEMBL4091900,CCCCc1ccc(Nc2nc(CC(=O)O)cs2)cc1,IC50,150.0,nM,Yes
CHEMBL4066245,CC(C)(C)c1ccc(Nc2nc(CC(=O)O)cs2)cc1,IC50,70.0,nM,Yes
CHEMBL4076065,CCCCc1ccc(Nc2nc(CC(=O)O)c(Cl)s2)cc1,IC50,70.0,nM,Yes
CHEMBL4085115,CCC(C)c1ccc(Nc2nc(CC(=O)O)cs2)cc1,IC50,70.0,nM,Yes
CHEMBL374478,CO[C@H]1/C=C/O[C@@]2(C)Oc3c(C)c(O)c4c(O)c(c(/C=N/N5CCN(C)CC5)c(O)c4c3C2=O)NC(=O)/C(C)=C\C=C\[C@H](C)[C@H](O)[C@@H](C)[C@@H](O)[C@@H](C)[C@H](OC(C)=O)[C@@H]1C,IC50,30.0,nM,Yes
CHEMBL4066245,CC(C)(C)c1ccc(Nc2nc(CC(=O)O)cs2)cc1,IC50,9400.0,nM,Yes
CHEMBL4076065,CCCCc1ccc(Nc2nc(CC(=O)O)c(Cl)s2)cc1,IC50,6300.0,nM,Yes
CHEMBL4085115,CCC(C)c1ccc(Nc2nc(CC(=O)O)cs2)cc1,IC50,9400.0,nM,Yes
CHEMBL4098606,CCCCc1ccc(Nc2nc(C)cs2)cc1,IC50,47000.0,nM,No
CHEMBL4091900,CCCCc1ccc(Nc2nc(CC(=O)O)cs2)cc1,IC50,91000.0,nM,No
CHEMBL4066245,CC(C)(C)c1ccc(Nc2nc(CC(=O)O)cs2)cc1,IC50,100000.0,nM,No
CHEMBL4076065,CCCCc1ccc(Nc2nc(CC(=O)O)c(Cl)s2)cc1,IC50,100000.0,nM,No
CHEMBL4085115,CCC(C)c1ccc(Nc2nc(CC(=O)O)cs2)cc1,IC50,100000.0,nM,No
CHEMBL4098606,CCCCc1ccc(Nc2nc(C)cs2)cc1,IC50,12000.0,nM,No
CHEMBL4091900,CCCCc1ccc(Nc2nc(CC(=O)O)cs2)cc1,IC50,17800.0,nM,No
CHEMBL4066245,CC(C)(C)c1ccc(Nc2nc(CC(=O)O)cs2)cc1,IC50,100000.0,nM,No
CHEMBL4076065,CCCCc1ccc(Nc2nc(CC(=O)O)c(Cl)s2)cc1,IC50,5600.0,nM,Yes
CHEMBL4085115,CCC(C)c1ccc(Nc2nc(CC(=O)O)cs2)cc1,IC50,96000.0,nM,No
CHEMBL4098606,CCCCc1ccc(Nc2nc(C)cs2)cc1,IC50,100000.0,nM,No
CHEMBL4091900,CCCCc1ccc(Nc2nc(CC(=O)O)cs2)cc1,IC50,56000.0,nM,No
CHEMBL4066245,CC(C)(C)c1ccc(Nc2nc(CC(=O)O)cs2)cc1,IC50,63000.0,nM,No
CHEMBL4076065,CCCCc1ccc(Nc2nc(CC(=O)O)c(Cl)s2)cc1,IC50,54000.0,nM,No
CHEMBL4085115,CCC(C)c1ccc(Nc2nc(CC(=O)O)cs2)cc1,IC50,100000.0,nM,No
CHEMBL4080076,Cc1c(-c2ccc(N3CCC(F)(F)C3)cc2)[nH]c2cc(F)cc(F)c2c1=O,IC50,140.0,nM,Yes
CHEMBL4080076,Cc1c(-c2ccc(N3CCC(F)(F)C3)cc2)[nH]c2cc(F)cc(F)c2c1=O,IC50,548.0,nM,Yes
CHEMBL4160631,O=[N+]([O-])c1nccn1CCCCNc1ncnc2ccccc12,IC50,200000.0,nM,No
CHEMBL4168552,O=[N+]([O-])c1ncn(CCCCNc2ncnc3ccccc23)n1,IC50,51000.0,nM,No
CHEMBL4164033,O=[N+]([O-])c1nccn1CCCNc1ccnc2c(Cl)cccc12,IC50,200000.0,nM,No
CHEMBL4171905,O=[N+]([O-])c1nccn1CCCCNc1ccnc2c(Cl)cccc12,IC50,41000.0,nM,No
CHEMBL4177234,O=[N+]([O-])c1ncn(CCCCNc2ccnc3c(Cl)cccc23)n1,IC50,200000.0,nM,No
CHEMBL374478,CO[C@H]1/C=C/O[C@@]2(C)Oc3c(C)c(O)c4c(O)c(c(/C=N/N5CCN(C)CC5)c(O)c4c3C2=O)NC(=O)/C(C)=C\C=C\[C@H](C)[C@H](O)[C@@H](C)[C@@H](O)[C@@H](C)[C@H](OC(C)=O)[C@@H]1C,IC50,4.6,nM,Yes
CHEMBL137,Cc1ncc([N+](=O)[O-])n1CCO,IC50,200000.0,nM,No
CHEMBL4168552,O=[N+]([O-])c1ncn(CCCCNc2ncnc3ccccc23)n1,IC50,11000.0,nM,No
CHEMBL4171905,O=[N+]([O-])c1nccn1CCCCNc1ccnc2c(Cl)cccc12,IC50,150.0,nM,Yes
CHEMBL374478,CO[C@H]1/C=C/O[C@@]2(C)Oc3c(C)c(O)c4c(O)c(c(/C=N/N5CCN(C)CC5)c(O)c4c3C2=O)NC(=O)/C(C)=C\C=C\[C@H](C)[C@H](O)[C@@H](C)[C@@H](O)[C@@H](C)[C@H](OC(C)=O)[C@@H]1C,IC50,0.72,nM,Yes
CHEMBL137,Cc1ncc([N+](=O)[O-])n1CCO,IC50,36000.0,nM,No
CHEMBL4168288,CC(=O)N[C@@H](Cc1ccccc1)C(=O)NCC(=O)N[C@@H](CCCNC(=N)N)C(=O)N[C@@H](CCCCN)C(=O)N[C@@H](CCCCN)C(=O)N[C@H]1C[C@@H](C(=O)N[C@@H](CCCNC(=N)N)C(=O)N[C@@H](CCC(N)=O)C(=O)N[C@@H](CCCNC(=N)N)C(=O)N[C@@H](CCCNC(=N)N)C(=O)N[C@@H](CCCNC(=N)N)C(=O)NCCC(N)=O)N(CCCNC(=N)N)C1,IC50,1280.0,nM,Yes
CHEMBL4176131,CC(=O)N[C@@H](Cc1ccccc1)C(=O)NCC(=O)N[C@@H](CCCNC(=N)N)C(=O)N[C@@H](CCCCN)C(=O)N[C@@H](CCCCN)C(=O)N[C@@H](CCCNC(=N)N)C(=O)N[C@@H](CCCNC(=N)N)C(=O)N[C@@H](CCC(N)=O)C(=O)N[C@@H](CCCNC(=N)N)C(=O)N[C@@H](CCCNC(=N)N)C(=O)N[C@H]1C[C@@H](C(=O)NCCC(N)=O)N(CCCNC(=N)N)C1,IC50,1970.0,nM,Yes
CHEMBL4164850,CC(=O)N[C@@H](Cc1ccccc1)C(=O)NCC(=O)N[C@H]1C[C@@H](C(=O)N[C@@H](CCCCN)C(=O)N[C@@H](CCCCN)C(=O)N[C@@H](CCCNC(=N)N)C(=O)N[C@H]2C[C@@H](C(=O)N[C@@H](CCC(N)=O)C(=O)N[C@@H](CCCNC(=N)N)C(=O)N[C@@H](CCCNC(=N)N)C(=O)N[C@H]3C[C@@H](C(=O)NCCC(N)=O)N(CCCNC(=N)N)C3)N(CCCNC(=N)N)C2)N(CCCNC(=N)N)C1,IC50,2200.0,nM,Yes
CHEMBL4172757,CC(=O)N[C@@H](Cc1ccccc1)C(=O)NCC(=O)N[C@H]1C[C@@H](C(=O)N[C@@H](CCCCN)C(=O)N[C@@H](CCCCN)C(=O)N[C@@H](CCCNC(=N)N)C(=O)N[C@H]2C[C@@H](C(=O)N[C@@H](CCC(N)=O)C(=O)N[C@@H](CCCNC(=N)N)C(=O)N[C@@H](CCCNC(=N)N)C(=O)N[C@H]3C[C@@H](C(=O)NCCC(N)=O)N(CCCN)C3)N(CCCN)C2)N(CCCN)C1,IC50,2240.0,nM,Yes
CHEMBL4175069,CC(=O)N[C@@H](Cc1ccccc1)C(=O)NCC(=O)N[C@H]1C[C@@H](C(=O)N[C@@H](CCCCN)C(=O)N[C@@H](CCCCN)C(=O)N[C@@H](CCCNC(=N)N)C(=O)N[C@H]2C[C@@H](C(=O)N[C@@H](CCC(N)=O)C(=O)N[C@H]3C[C@@H](C(=O)N[C@@H](CCCNC(=N)N)C(=O)N[C@H]4C[C@@H](C(=O)NCCC(N)=O)N(CCCNC(=N)N)C4)N(CCCNC(=N)N)C3)N(CCCNC(=N)N)C2)N(CCCNC(=N)N)C1,IC50,3700.0,nM,Yes
CHEMBL4164425,CC(=O)N[C@@H](Cc1ccccc1)C(=O)NCC(=O)N[C@H]1C[C@@H](C(=O)N[C@@H](CCCCN)C(=O)N[C@@H](CCCCN)C(=O)N[C@@H](CCCNC(=N)N)C(=O)N[C@H]2C[C@@H](C(=O)N[C@@H](CCC(N)=O)C(=O)N[C@H]3C[C@@H](C(=O)N[C@@H](CCCNC(=N)N)C(=O)N[C@H]4C[C@@H](C(=O)NCCN)N(CCCN)C4)N(CCCN)C3)N(CCCN)C2)N(CCCN)C1,IC50,1420.0,nM,Yes
CHEMBL4171623,CC(=O)N[C@@H](Cc1ccccc1)C(=O)NCC(=O)N[C@@H](CCCNC(=N)N)C(=O)N[C@@H](CCCCN)C(=O)N[C@@H](CCCCN)C(=O)N1C[C@@H](NC(=N)N)C[C@H]1C(=O)N[C@@H](CCCNC(=N)N)C(=O)N[C@@H](CCC(N)=O)C(=O)N[C@@H](CCCNC(=N)N)C(=O)N[C@@H](CCCNC(=N)N)C(=O)N[C@@H](CCCNC(=N)N)C(=O)NCCC(N)=O,IC50,2510.0,nM,Yes
CHEMBL4161017,CC(=O)N[C@@H](Cc1ccccc1)C(=O)NCC(=O)N[C@@H](CCCNC(=N)N)C(=O)N[C@@H](CCCCN)C(=O)N[C@@H](CCCCN)C(=O)N[C@@H](CCCNC(=N)N)C(=O)N[C@@H](CCCNC(=N)N)C(=O)N[C@@H](CCC(N)=O)C(=O)N[C@@H](CCCNC(=N)N)C(=O)N[C@@H](CCCNC(=N)N)C(=O)N1C[C@@H](NC(=N)N)C[C@H]1C(=O)NCCC(N)=O,IC50,910.0,nM,Yes
CHEMBL4173177,CC(=O)N[C@@H](Cc1ccccc1)C(=O)NCC(=O)N1C[C@@H](NC(=N)N)C[C@H]1C(=O)N[C@@H](CCCCN)C(=O)N[C@@H](CCCCN)C(=O)N[C@@H](CCCNC(=N)N)C(=O)N1C[C@@H](NC(=N)N)C[C@H]1C(=O)N[C@@H](CCC(N)=O)C(=O)N[C@@H](CCCNC(=N)N)C(=O)N[C@@H](CCCNC(=N)N)C(=O)N1C[C@@H](NC(=N)N)C[C@H]1C(=O)NCCC(N)=O,IC50,500.0,nM,Yes
CHEMBL4162491,CC(=O)N[C@@H](Cc1ccccc1)C(=O)NCC(=O)N1C[C@@H](NC(=N)N)C[C@H]1C(=O)N[C@@H](CCCCN)C(=O)N[C@@H](CCCCN)C(=O)N[C@@H](CCCNC(=N)N)C(=O)N1C[C@@H](NC(=N)N)C[C@H]1C(=O)N[C@@H](CCC(N)=O)C(=O)N1C[C@@H](NC(=N)N)C[C@H]1C(=O)N[C@@H](CCCNC(=N)N)C(=O)N1C[C@@H](NC(=N)N)C[C@H]1C(=O)NCCC(N)=O,IC50,1910.0,nM,Yes
CHEMBL4163914,CC(=O)N[C@@H](Cc1ccccc1)C(=O)NCC(=O)N[C@@H](CCCNC(=N)N)C(=O)N[C@@H](CCCCN)C(=O)N[C@@H](CCCCN)C(=O)N[C@@H](CCCNC(=N)N)C(=O)N[C@@H](CCCNC(=N)N)C(=O)N[C@@H](CCC(N)=O)C(=O)N[C@@H](CCCNC(=N)N)C(=O)N[C@@H](CCCNC(=N)N)C(=O)N[C@@H](CCCNC(=N)N)C(N)=O,IC50,40000.0,nM,No
CHEMBL4168288,CC(=O)N[C@@H](Cc1ccccc1)C(=O)NCC(=O)N[C@@H](CCCNC(=N)N)C(=O)N[C@@H](CCCCN)C(=O)N[C@@H](CCCCN)C(=O)N[C@H]1C[C@@H](C(=O)N[C@@H](CCCNC(=N)N)C(=O)N[C@@H](CCC(N)=O)C(=O)N[C@@H](CCCNC(=N)N)C(=O)N[C@@H](CCCNC(=N)N)C(=O)N[C@@H](CCCNC(=N)N)C(=O)NCCC(N)=O)N(CCCNC(=N)N)C1,IC50,3000.0,nM,Yes
CHEMBL4176131,CC(=O)N[C@@H](Cc1ccccc1)C(=O)NCC(=O)N[C@@H](CCCNC(=N)N)C(=O)N[C@@H](CCCCN)C(=O)N[C@@H](CCCCN)C(=O)N[C@@H](CCCNC(=N)N)C(=O)N[C@@H](CCCNC(=N)N)C(=O)N[C@@H](CCC(N)=O)C(=O)N[C@@H](CCCNC(=N)N)C(=O)N[C@@H](CCCNC(=N)N)C(=O)N[C@H]1C[C@@H](C(=O)NCCC(N)=O)N(CCCNC(=N)N)C1,IC50,2420.0,nM,Yes
CHEMBL4164850,CC(=O)N[C@@H](Cc1ccccc1)C(=O)NCC(=O)N[C@H]1C[C@@H](C(=O)N[C@@H](CCCCN)C(=O)N[C@@H](CCCCN)C(=O)N[C@@H](CCCNC(=N)N)C(=O)N[C@H]2C[C@@H](C(=O)N[C@@H](CCC(N)=O)C(=O)N[C@@H](CCCNC(=N)N)C(=O)N[C@@H](CCCNC(=N)N)C(=O)N[C@H]3C[C@@H](C(=O)NCCC(N)=O)N(CCCNC(=N)N)C3)N(CCCNC(=N)N)C2)N(CCCNC(=N)N)C1,IC50,8400.0,nM,Yes
CHEMBL4172757,CC(=O)N[C@@H](Cc1ccccc1)C(=O)NCC(=O)N[C@H]1C[C@@H](C(=O)N[C@@H](CCCCN)C(=O)N[C@@H](CCCCN)C(=O)N[C@@H](CCCNC(=N)N)C(=O)N[C@H]2C[C@@H](C(=O)N[C@@H](CCC(N)=O)C(=O)N[C@@H](CCCNC(=N)N)C(=O)N[C@@H](CCCNC(=N)N)C(=O)N[C@H]3C[C@@H](C(=O)NCCC(N)=O)N(CCCN)C3)N(CCCN)C2)N(CCCN)C1,IC50,4500.0,nM,Yes
CHEMBL4175069,CC(=O)N[C@@H](Cc1ccccc1)C(=O)NCC(=O)N[C@H]1C[C@@H](C(=O)N[C@@H](CCCCN)C(=O)N[C@@H](CCCCN)C(=O)N[C@@H](CCCNC(=N)N)C(=O)N[C@H]2C[C@@H](C(=O)N[C@@H](CCC(N)=O)C(=O)N[C@H]3C[C@@H](C(=O)N[C@@H](CCCNC(=N)N)C(=O)N[C@H]4C[C@@H](C(=O)NCCC(N)=O)N(CCCNC(=N)N)C4)N(CCCNC(=N)N)C3)N(CCCNC(=N)N)C2)N(CCCNC(=N)N)C1,IC50,6200.0,nM,Yes
CHEMBL4164425,CC(=O)N[C@@H](Cc1ccccc1)C(=O)NCC(=O)N[C@H]1C[C@@H](C(=O)N[C@@H](CCCCN)C(=O)N[C@@H](CCCCN)C(=O)N[C@@H](CCCNC(=N)N)C(=O)N[C@H]2C[C@@H](C(=O)N[C@@H](CCC(N)=O)C(=O)N[C@H]3C[C@@H](C(=O)N[C@@H](CCCNC(=N)N)C(=O)N[C@H]4C[C@@H](C(=O)NCCN)N(CCCN)C4)N(CCCN)C3)N(CCCN)C2)N(CCCN)C1,IC50,4920.0,nM,Yes
CHEMBL4171623,CC(=O)N[C@@H](Cc1ccccc1)C(=O)NCC(=O)N[C@@H](CCCNC(=N)N)C(=O)N[C@@H](CCCCN)C(=O)N[C@@H](CCCCN)C(=O)N1C[C@@H](NC(=N)N)C[C@H]1C(=O)N[C@@H](CCCNC(=N)N)C(=O)N[C@@H](CCC(N)=O)C(=O)N[C@@H](CCCNC(=N)N)C(=O)N[C@@H](CCCNC(=N)N)C(=O)N[C@@H](CCCNC(=N)N)C(=O)NCCC(N)=O,IC50,4450.0,nM,Yes
CHEMBL4161017,CC(=O)N[C@@H](Cc1ccccc1)C(=O)NCC(=O)N[C@@H](CCCNC(=N)N)C(=O)N[C@@H](CCCCN)C(=O)N[C@@H](CCCCN)C(=O)N[C@@H](CCCNC(=N)N)C(=O)N[C@@H](CCCNC(=N)N)C(=O)N[C@@H](CCC(N)=O)C(=O)N[C@@H](CCCNC(=N)N)C(=O)N[C@@H](CCCNC(=N)N)C(=O)N1C[C@@H](NC(=N)N)C[C@H]1C(=O)NCCC(N)=O,IC50,9700.0,nM,Yes
CHEMBL4173177,CC(=O)N[C@@H](Cc1ccccc1)C(=O)NCC(=O)N1C[C@@H](NC(=N)N)C[C@H]1C(=O)N[C@@H](CCCCN)C(=O)N[C@@H](CCCCN)C(=O)N[C@@H](CCCNC(=N)N)C(=O)N1C[C@@H](NC(=N)N)C[C@H]1C(=O)N[C@@H](CCC(N)=O)C(=O)N[C@@H](CCCNC(=N)N)C(=O)N[C@@H](CCCNC(=N)N)C(=O)N1C[C@@H](NC(=N)N)C[C@H]1C(=O)NCCC(N)=O,IC50,10600.0,nM,No
CHEMBL4162491,CC(=O)N[C@@H](Cc1ccccc1)C(=O)NCC(=O)N1C[C@@H](NC(=N)N)C[C@H]1C(=O)N[C@@H](CCCCN)C(=O)N[C@@H](CCCCN)C(=O)N[C@@H](CCCNC(=N)N)C(=O)N1C[C@@H](NC(=N)N)C[C@H]1C(=O)N[C@@H](CCC(N)=O)C(=O)N1C[C@@H](NC(=N)N)C[C@H]1C(=O)N[C@@H](CCCNC(=N)N)C(=O)N1C[C@@H](NC(=N)N)C[C@H]1C(=O)NCCC(N)=O,IC50,7440.0,nM,Yes
CHEMBL4163914,CC(=O)N[C@@H](Cc1ccccc1)C(=O)NCC(=O)N[C@@H](CCCNC(=N)N)C(=O)N[C@@H](CCCCN)C(=O)N[C@@H](CCCCN)C(=O)N[C@@H](CCCNC(=N)N)C(=O)N[C@@H](CCCNC(=N)N)C(=O)N[C@@H](CCC(N)=O)C(=O)N[C@@H](CCCNC(=N)N)C(=O)N[C@@H](CCCNC(=N)N)C(=O)N[C@@H](CCCNC(=N)N)C(N)=O,IC50,60000.0,nM,No
CHEMBL4168288,CC(=O)N[C@@H](Cc1ccccc1)C(=O)NCC(=O)N[C@@H](CCCNC(=N)N)C(=O)N[C@@H](CCCCN)C(=O)N[C@@H](CCCCN)C(=O)N[C@H]1C[C@@H](C(=O)N[C@@H](CCCNC(=N)N)C(=O)N[C@@H](CCC(N)=O)C(=O)N[C@@H](CCCNC(=N)N)C(=O)N[C@@H](CCCNC(=N)N)C(=O)N[C@@H](CCCNC(=N)N)C(=O)NCCC(N)=O)N(CCCNC(=N)N)C1,IC50,1100.0,nM,Yes
CHEMBL4176131,CC(=O)N[C@@H](Cc1ccccc1)C(=O)NCC(=O)N[C@@H](CCCNC(=N)N)C(=O)N[C@@H](CCCCN)C(=O)N[C@@H](CCCCN)C(=O)N[C@@H](CCCNC(=N)N)C(=O)N[C@@H](CCCNC(=N)N)C(=O)N[C@@H](CCC(N)=O)C(=O)N[C@@H](CCCNC(=N)N)C(=O)N[C@@H](CCCNC(=N)N)C(=O)N[C@H]1C[C@@H](C(=O)NCCC(N)=O)N(CCCNC(=N)N)C1,IC50,1280.0,nM,Yes
CHEMBL4164850,CC(=O)N[C@@H](Cc1ccccc1)C(=O)NCC(=O)N[C@H]1C[C@@H](C(=O)N[C@@H](CCCCN)C(=O)N[C@@H](CCCCN)C(=O)N[C@@H](CCCNC(=N)N)C(=O)N[C@H]2C[C@@H](C(=O)N[C@@H](CCC(N)=O)C(=O)N[C@@H](CCCNC(=N)N)C(=O)N[C@@H](CCCNC(=N)N)C(=O)N[C@H]3C[C@@H](C(=O)NCCC(N)=O)N(CCCNC(=N)N)C3)N(CCCNC(=N)N)C2)N(CCCNC(=N)N)C1,IC50,670.0,nM,Yes
CHEMBL4172757,CC(=O)N[C@@H](Cc1ccccc1)C(=O)NCC(=O)N[C@H]1C[C@@H](C(=O)N[C@@H](CCCCN)C(=O)N[C@@H](CCCCN)C(=O)N[C@@H](CCCNC(=N)N)C(=O)N[C@H]2C[C@@H](C(=O)N[C@@H](CCC(N)=O)C(=O)N[C@@H](CCCNC(=N)N)C(=O)N[C@@H](CCCNC(=N)N)C(=O)N[C@H]3C[C@@H](C(=O)NCCC(N)=O)N(CCCN)C3)N(CCCN)C2)N(CCCN)C1,IC50,1460.0,nM,Yes
CHEMBL4175069,CC(=O)N[C@@H](Cc1ccccc1)C(=O)NCC(=O)N[C@H]1C[C@@H](C(=O)N[C@@H](CCCCN)C(=O)N[C@@H](CCCCN)C(=O)N[C@@H](CCCNC(=N)N)C(=O)N[C@H]2C[C@@H](C(=O)N[C@@H](CCC(N)=O)C(=O)N[C@H]3C[C@@H](C(=O)N[C@@H](CCCNC(=N)N)C(=O)N[C@H]4C[C@@H](C(=O)NCCC(N)=O)N(CCCNC(=N)N)C4)N(CCCNC(=N)N)C3)N(CCCNC(=N)N)C2)N(CCCNC(=N)N)C1,IC50,2360.0,nM,Yes
CHEMBL4164425,CC(=O)N[C@@H](Cc1ccccc1)C(=O)NCC(=O)N[C@H]1C[C@@H](C(=O)N[C@@H](CCCCN)C(=O)N[C@@H](CCCCN)C(=O)N[C@@H](CCCNC(=N)N)C(=O)N[C@H]2C[C@@H](C(=O)N[C@@H](CCC(N)=O)C(=O)N[C@H]3C[C@@H](C(=O)N[C@@H](CCCNC(=N)N)C(=O)N[C@H]4C[C@@H](C(=O)NCCN)N(CCCN)C4)N(CCCN)C3)N(CCCN)C2)N(CCCN)C1,IC50,1080.0,nM,Yes
CHEMBL4171623,CC(=O)N[C@@H](Cc1ccccc1)C(=O)NCC(=O)N[C@@H](CCCNC(=N)N)C(=O)N[C@@H](CCCCN)C(=O)N[C@@H](CCCCN)C(=O)N1C[C@@H](NC(=N)N)C[C@H]1C(=O)N[C@@H](CCCNC(=N)N)C(=O)N[C@@H](CCC(N)=O)C(=O)N[C@@H](CCCNC(=N)N)C(=O)N[C@@H](CCCNC(=N)N)C(=O)N[C@@H](CCCNC(=N)N)C(=O)NCCC(N)=O,IC50,3270.0,nM,Yes
CHEMBL4161017,CC(=O)N[C@@H](Cc1ccccc1)C(=O)NCC(=O)N[C@@H](CCCNC(=N)N)C(=O)N[C@@H](CCCCN)C(=O)N[C@@H](CCCCN)C(=O)N[C@@H](CCCNC(=N)N)C(=O)N[C@@H](CCCNC(=N)N)C(=O)N[C@@H](CCC(N)=O)C(=O)N[C@@H](CCCNC(=N)N)C(=O)N[C@@H](CCCNC(=N)N)C(=O)N1C[C@@H](NC(=N)N)C[C@H]1C(=O)NCCC(N)=O,IC50,3100.0,nM,Yes
CHEMBL4173177,CC(=O)N[C@@H](Cc1ccccc1)C(=O)NCC(=O)N1C[C@@H](NC(=N)N)C[C@H]1C(=O)N[C@@H](CCCCN)C(=O)N[C@@H](CCCCN)C(=O)N[C@@H](CCCNC(=N)N)C(=O)N1C[C@@H](NC(=N)N)C[C@H]1C(=O)N[C@@H](CCC(N)=O)C(=O)N[C@@H](CCCNC(=N)N)C(=O)N[C@@H](CCCNC(=N)N)C(=O)N1C[C@@H](NC(=N)N)C[C@H]1C(=O)NCCC(N)=O,IC50,500.0,nM,Yes
CHEMBL4162491,CC(=O)N[C@@H](Cc1ccccc1)C(=O)NCC(=O)N1C[C@@H](NC(=N)N)C[C@H]1C(=O)N[C@@H](CCCCN)C(=O)N[C@@H](CCCCN)C(=O)N[C@@H](CCCNC(=N)N)C(=O)N1C[C@@H](NC(=N)N)C[C@H]1C(=O)N[C@@H](CCC(N)=O)C(=O)N1C[C@@H](NC(=N)N)C[C@H]1C(=O)N[C@@H](CCCNC(=N)N)C(=O)N1C[C@@H](NC(=N)N)C[C@H]1C(=O)NCCC(N)=O,IC50,1900.0,nM,Yes
CHEMBL4163914,CC(=O)N[C@@H](Cc1ccccc1)C(=O)NCC(=O)N[C@@H](CCCNC(=N)N)C(=O)N[C@@H](CCCCN)C(=O)N[C@@H](CCCCN)C(=O)N[C@@H](CCCNC(=N)N)C(=O)N[C@@H](CCCNC(=N)N)C(=O)N[C@@H](CCC(N)=O)C(=O)N[C@@H](CCCNC(=N)N)C(=O)N[C@@H](CCCNC(=N)N)C(=O)N[C@@H](CCCNC(=N)N)C(N)=O,IC50,19200.0,nM,No
CHEMBL4168288,CC(=O)N[C@@H](Cc1ccccc1)C(=O)NCC(=O)N[C@@H](CCCNC(=N)N)C(=O)N[C@@H](CCCCN)C(=O)N[C@@H](CCCCN)C(=O)N[C@H]1C[C@@H](C(=O)N[C@@H](CCCNC(=N)N)C(=O)N[C@@H](CCC(N)=O)C(=O)N[C@@H](CCCNC(=N)N)C(=O)N[C@@H](CCCNC(=N)N)C(=O)N[C@@H](CCCNC(=N)N)C(=O)NCCC(N)=O)N(CCCNC(=N)N)C1,IC50,2000.0,nM,Yes
CHEMBL4176131,CC(=O)N[C@@H](Cc1ccccc1)C(=O)NCC(=O)N[C@@H](CCCNC(=N)N)C(=O)N[C@@H](CCCCN)C(=O)N[C@@H](CCCCN)C(=O)N[C@@H](CCCNC(=N)N)C(=O)N[C@@H](CCCNC(=N)N)C(=O)N[C@@H](CCC(N)=O)C(=O)N[C@@H](CCCNC(=N)N)C(=O)N[C@@H](CCCNC(=N)N)C(=O)N[C@H]1C[C@@H](C(=O)NCCC(N)=O)N(CCCNC(=N)N)C1,IC50,1850.0,nM,Yes
CHEMBL4164850,CC(=O)N[C@@H](Cc1ccccc1)C(=O)NCC(=O)N[C@H]1C[C@@H](C(=O)N[C@@H](CCCCN)C(=O)N[C@@H](CCCCN)C(=O)N[C@@H](CCCNC(=N)N)C(=O)N[C@H]2C[C@@H](C(=O)N[C@@H](CCC(N)=O)C(=O)N[C@@H](CCCNC(=N)N)C(=O)N[C@@H](CCCNC(=N)N)C(=O)N[C@H]3C[C@@H](C(=O)NCCC(N)=O)N(CCCNC(=N)N)C3)N(CCCNC(=N)N)C2)N(CCCNC(=N)N)C1,IC50,6400.0,nM,Yes
CHEMBL4172757,CC(=O)N[C@@H](Cc1ccccc1)C(=O)NCC(=O)N[C@H]1C[C@@H](C(=O)N[C@@H](CCCCN)C(=O)N[C@@H](CCCCN)C(=O)N[C@@H](CCCNC(=N)N)C(=O)N[C@H]2C[C@@H](C(=O)N[C@@H](CCC(N)=O)C(=O)N[C@@H](CCCNC(=N)N)C(=O)N[C@@H](CCCNC(=N)N)C(=O)N[C@H]3C[C@@H](C(=O)NCCC(N)=O)N(CCCN)C3)N(CCCN)C2)N(CCCN)C1,IC50,2600.0,nM,Yes
CHEMBL4175069,CC(=O)N[C@@H](Cc1ccccc1)C(=O)NCC(=O)N[C@H]1C[C@@H](C(=O)N[C@@H](CCCCN)C(=O)N[C@@H](CCCCN)C(=O)N[C@@H](CCCNC(=N)N)C(=O)N[C@H]2C[C@@H](C(=O)N[C@@H](CCC(N)=O)C(=O)N[C@H]3C[C@@H](C(=O)N[C@@H](CCCNC(=N)N)C(=O)N[C@H]4C[C@@H](C(=O)NCCC(N)=O)N(CCCNC(=N)N)C4)N(CCCNC(=N)N)C3)N(CCCNC(=N)N)C2)N(CCCNC(=N)N)C1,IC50,3100.0,nM,Yes
CHEMBL4164425,CC(=O)N[C@@H](Cc1ccccc1)C(=O)NCC(=O)N[C@H]1C[C@@H](C(=O)N[C@@H](CCCCN)C(=O)N[C@@H](CCCCN)C(=O)N[C@@H](CCCNC(=N)N)C(=O)N[C@H]2C[C@@H](C(=O)N[C@@H](CCC(N)=O)C(=O)N[C@H]3C[C@@H](C(=O)N[C@@H](CCCNC(=N)N)C(=O)N[C@H]4C[C@@H](C(=O)NCCN)N(CCCN)C4)N(CCCN)C3)N(CCCN)C2)N(CCCN)C1,IC50,2800.0,nM,Yes
CHEMBL4171623,CC(=O)N[C@@H](Cc1ccccc1)C(=O)NCC(=O)N[C@@H](CCCNC(=N)N)C(=O)N[C@@H](CCCCN)C(=O)N[C@@H](CCCCN)C(=O)N1C[C@@H](NC(=N)N)C[C@H]1C(=O)N[C@@H](CCCNC(=N)N)C(=O)N[C@@H](CCC(N)=O)C(=O)N[C@@H](CCCNC(=N)N)C(=O)N[C@@H](CCCNC(=N)N)C(=O)N[C@@H](CCCNC(=N)N)C(=O)NCCC(N)=O,IC50,2680.0,nM,Yes
CHEMBL4161017,CC(=O)N[C@@H](Cc1ccccc1)C(=O)NCC(=O)N[C@@H](CCCNC(=N)N)C(=O)N[C@@H](CCCCN)C(=O)N[C@@H](CCCCN)C(=O)N[C@@H](CCCNC(=N)N)C(=O)N[C@@H](CCCNC(=N)N)C(=O)N[C@@H](CCC(N)=O)C(=O)N[C@@H](CCCNC(=N)N)C(=O)N[C@@H](CCCNC(=N)N)C(=O)N1C[C@@H](NC(=N)N)C[C@H]1C(=O)NCCC(N)=O,IC50,3100.0,nM,Yes
CHEMBL4173177,CC(=O)N[C@@H](Cc1ccccc1)C(=O)NCC(=O)N1C[C@@H](NC(=N)N)C[C@H]1C(=O)N[C@@H](CCCCN)C(=O)N[C@@H](CCCCN)C(=O)N[C@@H](CCCNC(=N)N)C(=O)N1C[C@@H](NC(=N)N)C[C@H]1C(=O)N[C@@H](CCC(N)=O)C(=O)N[C@@H](CCCNC(=N)N)C(=O)N[C@@H](CCCNC(=N)N)C(=O)N1C[C@@H](NC(=N)N)C[C@H]1C(=O)NCCC(N)=O,IC50,1320.0,nM,Yes
CHEMBL4162491,CC(=O)N[C@@H](Cc1ccccc1)C(=O)NCC(=O)N1C[C@@H](NC(=N)N)C[C@H]1C(=O)N[C@@H](CCCCN)C(=O)N[C@@H](CCCCN)C(=O)N[C@@H](CCCNC(=N)N)C(=O)N1C[C@@H](NC(=N)N)C[C@H]1C(=O)N[C@@H](CCC(N)=O)C(=O)N1C[C@@H](NC(=N)N)C[C@H]1C(=O)N[C@@H](CCCNC(=N)N)C(=O)N1C[C@@H](NC(=N)N)C[C@H]1C(=O)NCCC(N)=O,IC50,10800.0,nM,No
CHEMBL4163914,CC(=O)N[C@@H](Cc1ccccc1)C(=O)NCC(=O)N[C@@H](CCCNC(=N)N)C(=O)N[C@@H](CCCCN)C(=O)N[C@@H](CCCCN)C(=O)N[C@@H](CCCNC(=N)N)C(=O)N[C@@H](CCCNC(=N)N)C(=O)N[C@@H](CCC(N)=O)C(=O)N[C@@H](CCCNC(=N)N)C(=O)N[C@@H](CCCNC(=N)N)C(=O)N[C@@H](CCCNC(=N)N)C(N)=O,IC50,60000.0,nM,No
CHEMBL3358487,O=C(NCCCCn1cnc([N+](=O)[O-])n1)c1sc2ccccc2c1Cl,IC50,4000.0,nM,Yes
CHEMBL3358491,Cc1nc([N+](=O)[O-])cn1CCCNC(=O)c1sc2ccccc2c1Cl,IC50,175000.0,nM,No
CHEMBL3358486,O=C(NCCCn1cnc([N+](=O)[O-])n1)c1cc2ccccc2s1,IC50,107000.0,nM,No
CHEMBL3358488,O=C(NCCCCn1cnc([N+](=O)[O-])n1)c1nc2ccccc2s1,IC50,4900.0,nM,Yes
CHEMBL4211085,Cc1nc([N+](=O)[O-])cn1CCCNC(=O)c1cc2ccccc2s1,IC50,200000.0,nM,No
CHEMBL3358484,Cc1ccoc1C(=O)NCCCn1cnc([N+](=O)[O-])n1,IC50,41000.0,nM,No
CHEMBL3407532,O=C(Cn1cnc([N+](=O)[O-])n1)Nc1nc(-c2ccc(Cl)cc2)cs1,IC50,34200.0,nM,No
CHEMBL3410623,O=C(Cn1cnc([N+](=O)[O-])n1)Nc1nc(-c2ccc(F)c(F)c2)cs1,IC50,27000.0,nM,No
CHEMBL4206018,O=C(Cn1cnc([N+](=O)[O-])n1)Nc1cc(-c2ccc(Cl)cc2)no1,IC50,96000.0,nM,No
CHEMBL4209271,O=C(CCn1cnc([N+](=O)[O-])n1)Nc1cc(-c2ccc(F)cc2)on1,IC50,66000.0,nM,No
CHEMBL3612338,O=C(Cn1cnc([N+](=O)[O-])n1)Nc1ccc(Oc2ccc(Cl)cc2)cc1,IC50,51000.0,nM,No
CHEMBL3612337,O=C(Cn1cnc([N+](=O)[O-])n1)Nc1ccc(Oc2ccccc2)cc1,IC50,65000.0,nM,No
CHEMBL3612343,O=C(Cn1cnc([N+](=O)[O-])n1)Nc1ccc(Cc2ccccc2)cc1,IC50,30000.0,nM,No
CHEMBL3612341,O=C(Cn1cnc([N+](=O)[O-])n1)Nc1cccc(-c2ccccc2)c1,IC50,27000.0,nM,No
CHEMBL3410620,N#Cc1ccc(-c2ccc(NC(=O)Cn3cnc([N+](=O)[O-])n3)cc2)cc1,IC50,200000.0,nM,No
CHEMBL3410626,O=C(Cn1cnc([N+](=O)[O-])n1)Nc1ccc(N2CCCCC2)cc1,IC50,29000.0,nM,No
CHEMBL4208967,CC(O)(Cn1cnc([N+](=O)[O-])n1)c1ccc(-c2ccc(C#N)cc2)cc1,IC50,55000.0,nM,No
CHEMBL4217594,O=C(CCn1cnc([N+](=O)[O-])n1)Nc1ccc(Oc2ccc(Cl)cc2)cc1,IC50,15000.0,nM,No
CHEMBL4206147,O=C(CCn1cnc([N+](=O)[O-])n1)Nc1ccc(Oc2ccccc2)cc1,IC50,28000.0,nM,No
CHEMBL4209908,O=C(CCn1cnc([N+](=O)[O-])n1)Nc1ccc(Oc2ccc(F)cc2)cc1,IC50,22000.0,nM,No
CHEMBL4202551,O=C(CCn1cnc([N+](=O)[O-])n1)Nc1cccc(OCc2ccccc2)c1,IC50,1700.0,nM,Yes
CHEMBL4213380,O=C(CCn1cnc([N+](=O)[O-])n1)Nc1cccc(-c2ccccc2)c1,IC50,3600.0,nM,Yes
CHEMBL3612347,O=C(Cn1ccnc1[N+](=O)[O-])Nc1ccc(Oc2ccc(Cl)cc2)cc1,IC50,81000.0,nM,No
CHEMBL3612837,O=C(Cn1ccnc1[N+](=O)[O-])Nc1ccc(Oc2ccc(F)cc2)cc1,IC50,44000.0,nM,No
CHEMBL3612346,O=C(Cn1ccnc1[N+](=O)[O-])Nc1ccc(Oc2ccccc2)cc1,IC50,60000.0,nM,No
CHEMBL3633320,O=C(Cn1cnc([N+](=O)[O-])n1)N1CCN(Cc2ccc(C(F)(F)F)cc2)CC1,IC50,25000.0,nM,No
CHEMBL3633321,O=C(Cn1cnc([N+](=O)[O-])n1)N1CCN(Cc2ccc(Cl)c(Cl)c2)CC1,IC50,5900.0,nM,Yes
CHEMBL3633322,O=C(Cn1cnc([N+](=O)[O-])n1)N1CCN(C(c2ccccc2)c2ccc(Cl)cc2)CC1,IC50,38000.0,nM,No
CHEMBL64,NNC(=O)c1ccncc1,IC50,131.0,nM,Yes
CHEMBL374478,CO[C@H]1/C=C/O[C@@]2(C)Oc3c(C)c(O)c4c(O)c(c(/C=N/N5CCN(C)CC5)c(O)c4c3C2=O)NC(=O)/C(C)=C\C=C\[C@H](C)[C@H](O)[C@@H](C)[C@@H](O)[C@@H](C)[C@H](OC(C)=O)[C@@H]1C,IC50,4.6,nM,Yes
CHEMBL137,Cc1ncc([N+](=O)[O-])n1CCO,IC50,200000.0,nM,No
CHEMBL3358487,O=C(NCCCCn1cnc([N+](=O)[O-])n1)c1sc2ccccc2c1Cl,IC50,35500.0,nM,No
CHEMBL3358488,O=C(NCCCCn1cnc([N+](=O)[O-])n1)c1nc2ccccc2s1,IC50,26000.0,nM,No
CHEMBL3410623,O=C(Cn1cnc([N+](=O)[O-])n1)Nc1nc(-c2ccc(F)c(F)c2)cs1,IC50,8700.0,nM,Yes
CHEMBL3612338,O=C(Cn1cnc([N+](=O)[O-])n1)Nc1ccc(Oc2ccc(Cl)cc2)cc1,IC50,13000.0,nM,No
CHEMBL3612337,O=C(Cn1cnc([N+](=O)[O-])n1)Nc1ccc(Oc2ccccc2)cc1,IC50,8900.0,nM,Yes
CHEMBL3612343,O=C(Cn1cnc([N+](=O)[O-])n1)Nc1ccc(Cc2ccccc2)cc1,IC50,39000.0,nM,No
CHEMBL3612341,O=C(Cn1cnc([N+](=O)[O-])n1)Nc1cccc(-c2ccccc2)c1,IC50,30000.0,nM,No
CHEMBL3410626,O=C(Cn1cnc([N+](=O)[O-])n1)Nc1ccc(N2CCCCC2)cc1,IC50,99000.0,nM,No
CHEMBL4208967,CC(O)(Cn1cnc([N+](=O)[O-])n1)c1ccc(-c2ccc(C#N)cc2)cc1,IC50,73000.0,nM,No
CHEMBL4217594,O=C(CCn1cnc([N+](=O)[O-])n1)Nc1ccc(Oc2ccc(Cl)cc2)cc1,IC50,25000.0,nM,No
CHEMBL4206147,O=C(CCn1cnc([N+](=O)[O-])n1)Nc1ccc(Oc2ccccc2)cc1,IC50,32000.0,nM,No
CHEMBL4209908,O=C(CCn1cnc([N+](=O)[O-])n1)Nc1ccc(Oc2ccc(F)cc2)cc1,IC50,25000.0,nM,No
CHEMBL4202551,O=C(CCn1cnc([N+](=O)[O-])n1)Nc1cccc(OCc2ccccc2)c1,IC50,9200.0,nM,Yes
CHEMBL4213380,O=C(CCn1cnc([N+](=O)[O-])n1)Nc1cccc(-c2ccccc2)c1,IC50,7800.0,nM,Yes
CHEMBL3612347,O=C(Cn1ccnc1[N+](=O)[O-])Nc1ccc(Oc2ccc(Cl)cc2)cc1,IC50,17000.0,nM,No
CHEMBL3612837,O=C(Cn1ccnc1[N+](=O)[O-])Nc1ccc(Oc2ccc(F)cc2)cc1,IC50,17000.0,nM,No
CHEMBL3612346,O=C(Cn1ccnc1[N+](=O)[O-])Nc1ccc(Oc2ccccc2)cc1,IC50,14000.0,nM,No
CHEMBL3633320,O=C(Cn1cnc([N+](=O)[O-])n1)N1CCN(Cc2ccc(C(F)(F)F)cc2)CC1,IC50,62000.0,nM,No
CHEMBL3633321,O=C(Cn1cnc([N+](=O)[O-])n1)N1CCN(Cc2ccc(Cl)c(Cl)c2)CC1,IC50,17000.0,nM,No
CHEMBL3633322,O=C(Cn1cnc([N+](=O)[O-])n1)N1CCN(C(c2ccccc2)c2ccc(Cl)cc2)CC1,IC50,51000.0,nM,No
CHEMBL374478,CO[C@H]1/C=C/O[C@@]2(C)Oc3c(C)c(O)c4c(O)c(c(/C=N/N5CCN(C)CC5)c(O)c4c3C2=O)NC(=O)/C(C)=C\C=C\[C@H](C)[C@H](O)[C@@H](C)[C@@H](O)[C@@H](C)[C@H](OC(C)=O)[C@@H]1C,IC50,0.72,nM,Yes
CHEMBL137,Cc1ncc([N+](=O)[O-])n1CCO,IC50,14000.0,nM,No
CHEMBL3410623,O=C(Cn1cnc([N+](=O)[O-])n1)Nc1nc(-c2ccc(F)c(F)c2)cs1,IC50,32000.0,nM,No
CHEMBL3612338,O=C(Cn1cnc([N+](=O)[O-])n1)Nc1ccc(Oc2ccc(Cl)cc2)cc1,IC50,54000.0,nM,No
CHEMBL3612337,O=C(Cn1cnc([N+](=O)[O-])n1)Nc1ccc(Oc2ccccc2)cc1,IC50,73000.0,nM,No
CHEMBL3612343,O=C(Cn1cnc([N+](=O)[O-])n1)Nc1ccc(Cc2ccccc2)cc1,IC50,33000.0,nM,No
CHEMBL3612341,O=C(Cn1cnc([N+](=O)[O-])n1)Nc1cccc(-c2ccccc2)c1,IC50,31000.0,nM,No
CHEMBL3410626,O=C(Cn1cnc([N+](=O)[O-])n1)Nc1ccc(N2CCCCC2)cc1,IC50,34000.0,nM,No
CHEMBL4217594,O=C(CCn1cnc([N+](=O)[O-])n1)Nc1ccc(Oc2ccc(Cl)cc2)cc1,IC50,25000.0,nM,No
CHEMBL4206147,O=C(CCn1cnc([N+](=O)[O-])n1)Nc1ccc(Oc2ccccc2)cc1,IC50,38000.0,nM,No
CHEMBL4209908,O=C(CCn1cnc([N+](=O)[O-])n1)Nc1ccc(Oc2ccc(F)cc2)cc1,IC50,29000.0,nM,No
CHEMBL4202551,O=C(CCn1cnc([N+](=O)[O-])n1)Nc1cccc(OCc2ccccc2)c1,IC50,4500.0,nM,Yes
CHEMBL4213380,O=C(CCn1cnc([N+](=O)[O-])n1)Nc1cccc(-c2ccccc2)c1,IC50,8500.0,nM,Yes
CHEMBL3612347,O=C(Cn1ccnc1[N+](=O)[O-])Nc1ccc(Oc2ccc(Cl)cc2)cc1,IC50,100000.0,nM,No
CHEMBL3612837,O=C(Cn1ccnc1[N+](=O)[O-])Nc1ccc(Oc2ccc(F)cc2)cc1,IC50,65000.0,nM,No
CHEMBL3612346,O=C(Cn1ccnc1[N+](=O)[O-])Nc1ccc(Oc2ccccc2)cc1,IC50,75000.0,nM,No
CHEMBL3633320,O=C(Cn1cnc([N+](=O)[O-])n1)N1CCN(Cc2ccc(C(F)(F)F)cc2)CC1,IC50,32000.0,nM,No
CHEMBL3633321,O=C(Cn1cnc([N+](=O)[O-])n1)N1CCN(Cc2ccc(Cl)c(Cl)c2)CC1,IC50,9000.0,nM,Yes
CHEMBL3633322,O=C(Cn1cnc([N+](=O)[O-])n1)N1CCN(C(c2ccccc2)c2ccc(Cl)cc2)CC1,IC50,48000.0,nM,No
CHEMBL3410623,O=C(Cn1cnc([N+](=O)[O-])n1)Nc1nc(-c2ccc(F)c(F)c2)cs1,IC50,25000.0,nM,No
CHEMBL3612338,O=C(Cn1cnc([N+](=O)[O-])n1)Nc1ccc(Oc2ccc(Cl)cc2)cc1,IC50,58000.0,nM,No
CHEMBL3612337,O=C(Cn1cnc([N+](=O)[O-])n1)Nc1ccc(Oc2ccccc2)cc1,IC50,70000.0,nM,No
CHEMBL3612343,O=C(Cn1cnc([N+](=O)[O-])n1)Nc1ccc(Cc2ccccc2)cc1,IC50,27000.0,nM,No
CHEMBL3612341,O=C(Cn1cnc([N+](=O)[O-])n1)Nc1cccc(-c2ccccc2)c1,IC50,24000.0,nM,No
CHEMBL3410626,O=C(Cn1cnc([N+](=O)[O-])n1)Nc1ccc(N2CCCCC2)cc1,IC50,25000.0,nM,No
CHEMBL4217594,O=C(CCn1cnc([N+](=O)[O-])n1)Nc1ccc(Oc2ccc(Cl)cc2)cc1,IC50,15000.0,nM,No
CHEMBL4206147,O=C(CCn1cnc([N+](=O)[O-])n1)Nc1ccc(Oc2ccccc2)cc1,IC50,28000.0,nM,No
CHEMBL4209908,O=C(CCn1cnc([N+](=O)[O-])n1)Nc1ccc(Oc2ccc(F)cc2)cc1,IC50,16000.0,nM,No
CHEMBL4202551,O=C(CCn1cnc([N+](=O)[O-])n1)Nc1cccc(OCc2ccccc2)c1,IC50,2200.0,nM,Yes
CHEMBL4213380,O=C(CCn1cnc([N+](=O)[O-])n1)Nc1cccc(-c2ccccc2)c1,IC50,4100.0,nM,Yes
CHEMBL3612347,O=C(Cn1ccnc1[N+](=O)[O-])Nc1ccc(Oc2ccc(Cl)cc2)cc1,IC50,48000.0,nM,No
CHEMBL3612837,O=C(Cn1ccnc1[N+](=O)[O-])Nc1ccc(Oc2ccc(F)cc2)cc1,IC50,46000.0,nM,No
CHEMBL3612346,O=C(Cn1ccnc1[N+](=O)[O-])Nc1ccc(Oc2ccccc2)cc1,IC50,84000.0,nM,No
CHEMBL3633320,O=C(Cn1cnc([N+](=O)[O-])n1)N1CCN(Cc2ccc(C(F)(F)F)cc2)CC1,IC50,21000.0,nM,No
CHEMBL3633321,O=C(Cn1cnc([N+](=O)[O-])n1)N1CCN(Cc2ccc(Cl)c(Cl)c2)CC1,IC50,4900.0,nM,Yes
CHEMBL3633322,O=C(Cn1cnc([N+](=O)[O-])n1)N1CCN(C(c2ccccc2)c2ccc(Cl)cc2)CC1,IC50,27000.0,nM,No
CHEMBL3410623,O=C(Cn1cnc([N+](=O)[O-])n1)Nc1nc(-c2ccc(F)c(F)c2)cs1,IC50,31000.0,nM,No
CHEMBL3612338,O=C(Cn1cnc([N+](=O)[O-])n1)Nc1ccc(Oc2ccc(Cl)cc2)cc1,IC50,56000.0,nM,No
CHEMBL3612337,O=C(Cn1cnc([N+](=O)[O-])n1)Nc1ccc(Oc2ccccc2)cc1,IC50,70000.0,nM,No
CHEMBL3612343,O=C(Cn1cnc([N+](=O)[O-])n1)Nc1ccc(Cc2ccccc2)cc1,IC50,28000.0,nM,No
CHEMBL3612341,O=C(Cn1cnc([N+](=O)[O-])n1)Nc1cccc(-c2ccccc2)c1,IC50,29000.0,nM,No
CHEMBL3410626,O=C(Cn1cnc([N+](=O)[O-])n1)Nc1ccc(N2CCCCC2)cc1,IC50,32000.0,nM,No
CHEMBL4217594,O=C(CCn1cnc([N+](=O)[O-])n1)Nc1ccc(Oc2ccc(Cl)cc2)cc1,IC50,24000.0,nM,No
CHEMBL4206147,O=C(CCn1cnc([N+](=O)[O-])n1)Nc1ccc(Oc2ccccc2)cc1,IC50,32000.0,nM,No
CHEMBL4209908,O=C(CCn1cnc([N+](=O)[O-])n1)Nc1ccc(Oc2ccc(F)cc2)cc1,IC50,26000.0,nM,No
CHEMBL4202551,O=C(CCn1cnc([N+](=O)[O-])n1)Nc1cccc(OCc2ccccc2)c1,IC50,3400.0,nM,Yes
CHEMBL4213380,O=C(CCn1cnc([N+](=O)[O-])n1)Nc1cccc(-c2ccccc2)c1,IC50,6800.0,nM,Yes
CHEMBL3612347,O=C(Cn1ccnc1[N+](=O)[O-])Nc1ccc(Oc2ccc(Cl)cc2)cc1,IC50,100000.0,nM,No
CHEMBL3612837,O=C(Cn1ccnc1[N+](=O)[O-])Nc1ccc(Oc2ccc(F)cc2)cc1,IC50,75000.0,nM,No
CHEMBL3612346,O=C(Cn1ccnc1[N+](=O)[O-])Nc1ccc(Oc2ccccc2)cc1,IC50,74000.0,nM,No
CHEMBL3633320,O=C(Cn1cnc([N+](=O)[O-])n1)N1CCN(Cc2ccc(C(F)(F)F)cc2)CC1,IC50,27000.0,nM,No
CHEMBL3633321,O=C(Cn1cnc([N+](=O)[O-])n1)N1CCN(Cc2ccc(Cl)c(Cl)c2)CC1,IC50,7400.0,nM,Yes
CHEMBL3633322,O=C(Cn1cnc([N+](=O)[O-])n1)N1CCN(C(c2ccccc2)c2ccc(Cl)cc2)CC1,IC50,46000.0,nM,No
CHEMBL3612343,O=C(Cn1cnc([N+](=O)[O-])n1)Nc1ccc(Cc2ccccc2)cc1,IC50,6200.0,nM,Yes
CHEMBL3612341,O=C(Cn1cnc([N+](=O)[O-])n1)Nc1cccc(-c2ccccc2)c1,IC50,11000.0,nM,No
CHEMBL3410626,O=C(Cn1cnc([N+](=O)[O-])n1)Nc1ccc(N2CCCCC2)cc1,IC50,11000.0,nM,No
CHEMBL4217594,O=C(CCn1cnc([N+](=O)[O-])n1)Nc1ccc(Oc2ccc(Cl)cc2)cc1,IC50,3400.0,nM,Yes
CHEMBL4206147,O=C(CCn1cnc([N+](=O)[O-])n1)Nc1ccc(Oc2ccccc2)cc1,IC50,5000.0,nM,Yes
CHEMBL4209908,O=C(CCn1cnc([N+](=O)[O-])n1)Nc1ccc(Oc2ccc(F)cc2)cc1,IC50,3800.0,nM,Yes
CHEMBL4202551,O=C(CCn1cnc([N+](=O)[O-])n1)Nc1cccc(OCc2ccccc2)c1,IC50,1300.0,nM,Yes
CHEMBL4213380,O=C(CCn1cnc([N+](=O)[O-])n1)Nc1cccc(-c2ccccc2)c1,IC50,2300.0,nM,Yes
CHEMBL3633320,O=C(Cn1cnc([N+](=O)[O-])n1)N1CCN(Cc2ccc(C(F)(F)F)cc2)CC1,IC50,13000.0,nM,No
CHEMBL3633321,O=C(Cn1cnc([N+](=O)[O-])n1)N1CCN(Cc2ccc(Cl)c(Cl)c2)CC1,IC50,4000.0,nM,Yes
CHEMBL3633322,O=C(Cn1cnc([N+](=O)[O-])n1)N1CCN(C(c2ccccc2)c2ccc(Cl)cc2)CC1,IC50,8000.0,nM,Yes
CHEMBL64,NNC(=O)c1ccncc1,IC50,190.0,nM,Yes
CHEMBL3410623,O=C(Cn1cnc([N+](=O)[O-])n1)Nc1nc(-c2ccc(F)c(F)c2)cs1,IC50,31000.0,nM,No
CHEMBL3612338,O=C(Cn1cnc([N+](=O)[O-])n1)Nc1ccc(Oc2ccc(Cl)cc2)cc1,IC50,36000.0,nM,No
CHEMBL3612337,O=C(Cn1cnc([N+](=O)[O-])n1)Nc1ccc(Oc2ccccc2)cc1,IC50,66000.0,nM,No
CHEMBL3612343,O=C(Cn1cnc([N+](=O)[O-])n1)Nc1ccc(Cc2ccccc2)cc1,IC50,29000.0,nM,No
CHEMBL3612341,O=C(Cn1cnc([N+](=O)[O-])n1)Nc1cccc(-c2ccccc2)c1,IC50,26000.0,nM,No
CHEMBL3410626,O=C(Cn1cnc([N+](=O)[O-])n1)Nc1ccc(N2CCCCC2)cc1,IC50,30000.0,nM,No
CHEMBL4217594,O=C(CCn1cnc([N+](=O)[O-])n1)Nc1ccc(Oc2ccc(Cl)cc2)cc1,IC50,18000.0,nM,No
CHEMBL4206147,O=C(CCn1cnc([N+](=O)[O-])n1)Nc1ccc(Oc2ccccc2)cc1,IC50,26000.0,nM,No
CHEMBL4209908,O=C(CCn1cnc([N+](=O)[O-])n1)Nc1ccc(Oc2ccc(F)cc2)cc1,IC50,19000.0,nM,No
CHEMBL4202551,O=C(CCn1cnc([N+](=O)[O-])n1)Nc1cccc(OCc2ccccc2)c1,IC50,3200.0,nM,Yes
CHEMBL4213380,O=C(CCn1cnc([N+](=O)[O-])n1)Nc1cccc(-c2ccccc2)c1,IC50,6200.0,nM,Yes
CHEMBL3612347,O=C(Cn1ccnc1[N+](=O)[O-])Nc1ccc(Oc2ccc(Cl)cc2)cc1,IC50,100000.0,nM,No
CHEMBL3612837,O=C(Cn1ccnc1[N+](=O)[O-])Nc1ccc(Oc2ccc(F)cc2)cc1,IC50,70000.0,nM,No
CHEMBL3612346,O=C(Cn1ccnc1[N+](=O)[O-])Nc1ccc(Oc2ccccc2)cc1,IC50,80000.0,nM,No
CHEMBL3633320,O=C(Cn1cnc([N+](=O)[O-])n1)N1CCN(Cc2ccc(C(F)(F)F)cc2)CC1,IC50,26000.0,nM,No
CHEMBL3633321,O=C(Cn1cnc([N+](=O)[O-])n1)N1CCN(Cc2ccc(Cl)c(Cl)c2)CC1,IC50,7300.0,nM,Yes
CHEMBL3633322,O=C(Cn1cnc([N+](=O)[O-])n1)N1CCN(C(c2ccccc2)c2ccc(Cl)cc2)CC1,IC50,29000.0,nM,No
CHEMBL3410623,O=C(Cn1cnc([N+](=O)[O-])n1)Nc1nc(-c2ccc(F)c(F)c2)cs1,IC50,30000.0,nM,No
CHEMBL3612338,O=C(Cn1cnc([N+](=O)[O-])n1)Nc1ccc(Oc2ccc(Cl)cc2)cc1,IC50,55000.0,nM,No
CHEMBL3612337,O=C(Cn1cnc([N+](=O)[O-])n1)Nc1ccc(Oc2ccccc2)cc1,IC50,55000.0,nM,No
CHEMBL3612343,O=C(Cn1cnc([N+](=O)[O-])n1)Nc1ccc(Cc2ccccc2)cc1,IC50,34000.0,nM,No
CHEMBL3612341,O=C(Cn1cnc([N+](=O)[O-])n1)Nc1cccc(-c2ccccc2)c1,IC50,29000.0,nM,No
CHEMBL3410626,O=C(Cn1cnc([N+](=O)[O-])n1)Nc1ccc(N2CCCCC2)cc1,IC50,36000.0,nM,No
CHEMBL4217594,O=C(CCn1cnc([N+](=O)[O-])n1)Nc1ccc(Oc2ccc(Cl)cc2)cc1,IC50,17000.0,nM,No
CHEMBL4206147,O=C(CCn1cnc([N+](=O)[O-])n1)Nc1ccc(Oc2ccccc2)cc1,IC50,29000.0,nM,No
CHEMBL4209908,O=C(CCn1cnc([N+](=O)[O-])n1)Nc1ccc(Oc2ccc(F)cc2)cc1,IC50,21000.0,nM,No
CHEMBL4202551,O=C(CCn1cnc([N+](=O)[O-])n1)Nc1cccc(OCc2ccccc2)c1,IC50,4100.0,nM,Yes
CHEMBL4213380,O=C(CCn1cnc([N+](=O)[O-])n1)Nc1cccc(-c2ccccc2)c1,IC50,8100.0,nM,Yes
CHEMBL3612347,O=C(Cn1ccnc1[N+](=O)[O-])Nc1ccc(Oc2ccc(Cl)cc2)cc1,IC50,56000.0,nM,No
CHEMBL3612837,O=C(Cn1ccnc1[N+](=O)[O-])Nc1ccc(Oc2ccc(F)cc2)cc1,IC50,78000.0,nM,No
CHEMBL3612346,O=C(Cn1ccnc1[N+](=O)[O-])Nc1ccc(Oc2ccccc2)cc1,IC50,110000.0,nM,No
CHEMBL3633320,O=C(Cn1cnc([N+](=O)[O-])n1)N1CCN(Cc2ccc(C(F)(F)F)cc2)CC1,IC50,32000.0,nM,No
CHEMBL3633321,O=C(Cn1cnc([N+](=O)[O-])n1)N1CCN(Cc2ccc(Cl)c(Cl)c2)CC1,IC50,9400.0,nM,Yes
CHEMBL3633322,O=C(Cn1cnc([N+](=O)[O-])n1)N1CCN(C(c2ccccc2)c2ccc(Cl)cc2)CC1,IC50,47000.0,nM,No
CHEMBL4246612,CC[C@H](C)[C@@H]1NC(=O)[C@@H](CC(C)C)NC(=O)[C@H](CC(C)C)NC(=O)[C@H](Cc2c[nH]c3ccccc23)NC(=O)[C@@H](CCCNC(=N)N)NC(=O)[C@H](CC(N)=O)NC1=O,IC50,200.0,nM,Yes
CHEMBL4242349,CC[C@H](C)[C@@H]1NC(=O)[C@@H](CC(C)C)NC(=O)[C@H](CC(C)C)NC(=O)[C@H](Cc2c[nH]c3ccccc23)NC(=O)[C@@H](CCCN)NC(=O)[C@H](CC(N)=O)NC1=O,IC50,800.0,nM,Yes
CHEMBL4248397,CC(C)C[C@@H]1NC(=O)[C@H](Cc2c[nH]c3ccccc23)NC(=O)[C@@H](CCCN)NC(=O)[C@H](CC(N)=O)NC(=O)[C@H](C(C)C)NC(=O)[C@@H](CC(C)C)NC1=O,IC50,1260.0,nM,Yes
CHEMBL4245587,CC[C@@H](C)[C@@H]1NC(=O)[C@@H](CC(C)C)NC(=O)[C@H](CC(C)C)NC(=O)[C@H](Cc2c[nH]c3ccccc23)NC(=O)[C@@H](CCCN)NC(=O)[C@H](CC(N)=O)NC1=O,IC50,800.0,nM,Yes
CHEMBL4281761,C=C(C)[C@@H]1CC[C@]2(CO)CC[C@]3(C)[C@H](CC[C@@H]4[C@@]5(C)CCCNC(C)(C)[C@@H]5CC[C@]43C)[C@@H]12,IC50,10900.0,nM,No
CHEMBL4289635,CC1(C)CC[C@]2(CO)CC[C@]3(C)C(=CC[C@@H]4[C@@]5(C)CCCNC(C)(C)[C@@H]5CC[C@]43C)[C@H]2C1,IC50,3800.0,nM,Yes
CHEMBL4285188,C[C@H]1[C@H](C)CC[C@]2(CO)CC[C@]3(C)C(=CC[C@@H]4[C@@]5(C)CCCNC(C)(C)[C@@H]5CC[C@]43C)[C@@H]12,IC50,4900.0,nM,Yes
CHEMBL4293429,CC(=O)[C@@H]1CC[C@]2(CO)CC[C@]3(C)[C@H](CC[C@@H]4[C@@]5(C)CCCNC(C)(C)[C@@H]5CC[C@]43C)[C@@H]12,IC50,17700.0,nM,No
CHEMBL4282819,C/C(=N\O)[C@@H]1CC[C@]2(CO)CC[C@]3(C)[C@H](CC[C@@H]4[C@@]5(C)CCCNC(C)(C)[C@@H]5CC[C@]43C)[C@@H]12,IC50,43000.0,nM,No
CHEMBL4278300,COC(=O)[C@]12CC[C@@H](C(C)CO)[C@@H]1[C@H]1CC[C@@H]3[C@@]4(C)CCC(=O)NC(C)(C)[C@@H]4CC[C@@]3(C)[C@]1(C)CC2,IC50,5700.0,nM,Yes
CHEMBL4286207,CC(CO)[C@@H]1CC[C@]2(CO)CC[C@]3(C)[C@H](CC[C@@H]4[C@@]5(C)CCCNC(C)(C)[C@@H]5CC[C@]43C)[C@@H]12,IC50,4600.0,nM,Yes
CHEMBL4286608,C=C(C)[C@@H]1CC[C@]2(COC(=O)CCC(=O)O)CC[C@]3(C)[C@H](CC[C@@H]4[C@@]5(C)CCCNC(C)(C)[C@@H]5CC[C@]43C)[C@@H]12,IC50,40000.0,nM,No
CHEMBL4294516,COC(=O)[C@]12CC[C@@H](C(C)COC(=O)CCC(=O)O)[C@@H]1[C@H]1CC[C@@H]3[C@@]4(C)CCC(=O)NC(C)(C)[C@@H]4CC[C@@]3(C)[C@]1(C)CC2,IC50,23000.0,nM,No
CHEMBL4288755,C=C(C)[C@@H]1CC[C@]2(COC(=O)/C=C/c3ccccc3)CC[C@]3(C)[C@H](CC[C@@H]4[C@@]5(C)CCCNC(C)(C)[C@@H]5CC[C@]43C)[C@@H]12,IC50,6700.0,nM,Yes
CHEMBL4278096,C=C(C)[C@@H]1CC[C@]2(COC(=O)/C=C/c3ccc(OC)cc3)CC[C@]3(C)[C@H](CC[C@@H]4[C@@]5(C)CCCNC(C)(C)[C@@H]5CC[C@]43C)[C@@H]12,IC50,160000.0,nM,No
CHEMBL4292177,COC(=O)[C@]12CC[C@@H](C(C)COC(=O)/C=C/c3ccccc3)[C@@H]1[C@H]1CC[C@@H]3[C@@]4(C)CCC(=O)NC(C)(C)[C@@H]4CC[C@@]3(C)[C@]1(C)CC2,IC50,200000.0,nM,No
CHEMBL4281554,CC(COC(=O)/C=C/c1ccccc1)[C@@H]1CC[C@]2(COC(=O)/C=C/c3ccccc3)CC[C@]3(C)[C@H](CC[C@@H]4[C@@]5(C)CCCNC(C)(C)[C@@H]5CC[C@]43C)[C@@H]12,IC50,200000.0,nM,No
CHEMBL4277027,CC1(C)CC[C@]2(COC(=O)CCC(=O)O)CC[C@]3(C)C(=CC[C@@H]4[C@@]5(C)CCCNC(C)(C)[C@@H]5CC[C@]43C)[C@H]2C1,IC50,20600.0,nM,No
CHEMBL4284982,C[C@H]1[C@H](C)CC[C@]2(COC(=O)CCC(=O)O)CC[C@]3(C)C(=CC[C@@H]4[C@@]5(C)CCCNC(C)(C)[C@@H]5CC[C@]43C)[C@@H]12,IC50,92000.0,nM,No
CHEMBL4280456,CC1(C)CC[C@]2(COC(=O)/C=C/c3ccccc3)CC[C@]3(C)C(=CC[C@@H]4[C@@]5(C)CCCNC(C)(C)[C@@H]5CC[C@]43C)[C@H]2C1,IC50,8000.0,nM,Yes
CHEMBL4288358,C[C@H]1[C@H](C)CC[C@]2(COC(=O)/C=C/c3ccccc3)CC[C@]3(C)C(=CC[C@@H]4[C@@]5(C)CCCNC(C)(C)[C@@H]5CC[C@]43C)[C@@H]12,IC50,3800.0,nM,Yes
CHEMBL4293649,COc1ccc(/C=C/C(=O)OC[C@]23CCC(C)(C)C[C@@H]2C2=CC[C@@H]4[C@@]5(C)CCCNC(C)(C)[C@@H]5CC[C@@]4(C)[C@]2(C)CC3)cc1,IC50,100000.0,nM,No
CHEMBL4283055,COc1ccc(/C=C/C(=O)OC[C@]23CC[C@@H](C)[C@H](C)[C@@H]2C2=CC[C@@H]4[C@@]5(C)CCCNC(C)(C)[C@@H]5CC[C@@]4(C)[C@]2(C)CC3)cc1,IC50,1800.0,nM,Yes
CHEMBL4278276,CC1(C)CC[C@@]23CC[C@]4(C)C(OC2)(C(=O)C[C@@H]2[C@@]5(C)CCCNC(C)(C)[C@@H]5CC[C@]24C)[C@H]3C1,IC50,11000.0,nM,No
CHEMBL4288961,COC(=O)[C@]12CCC(C)(C)C[C@@H]1C1/C(=N/O)C[C@@H]3[C@@]4(C)CCC(=O)NC(C)(C)[C@@H]4CC[C@@]3(C)[C@]1(C)CC2,IC50,54000.0,nM,No
CHEMBL177,NCC[C@H](O)C(=O)N[C@@H]1C[C@H](N)[C@@H](O[C@H]2O[C@H](CN)[C@@H](O)[C@H](O)[C@H]2O)[C@H](O)[C@H]1O[C@H]1O[C@H](CO)[C@@H](O)[C@H](N)[C@H]1O,IC50,80.0,nM,Yes
CHEMBL771,N[C@@H]1CONC1=O,IC50,20800.0,nM,No
CHEMBL44884,CC[C@@H](CO)NCCN[C@@H](CC)CO,IC50,1250.0,nM,Yes
CHEMBL64,NNC(=O)c1ccncc1,IC50,120.0,nM,Yes
CHEMBL36,CCc1nc(N)nc(N)c1-c1ccc(Cl)cc1,IC50,23300.0,nM,No
CHEMBL374478,CO[C@H]1/C=C/O[C@@]2(C)Oc3c(C)c(O)c4c(O)c(c(/C=N/N5CCN(C)CC5)c(O)c4c3C2=O)NC(=O)/C(C)=C\C=C\[C@H](C)[C@H](O)[C@@H](C)[C@@H](O)[C@@H](C)[C@H](OC(C)=O)[C@@H]1C,IC50,20.0,nM,Yes
CHEMBL4281246,Cc1cc(CN2CCOCC2)c(C)n1-c1ccc(F)cc1,IC50,10000.0,nM,Yes
CHEMBL4292537,Cc1c(CN2CCOCC2)cc(C2CCCCC2)n1-c1ccc(F)cc1,IC50,10000.0,nM,Yes
CHEMBL4284652,Cc1c(CN2CCOCC2)cc(-c2ccc(Cl)cn2)n1-c1ccc(F)cc1,IC50,10000.0,nM,Yes
CHEMBL4287188,Cc1c(CN2CCOCC2)cc(-c2ccc(Cl)nc2)n1-c1ccc(F)cc1,IC50,10000.0,nM,Yes
CHEMBL4279264,CC(=O)Nc1ccc(-c2cc(CN3CCOCC3)c(C)n2-c2ccc(F)cc2)cc1,IC50,3300.0,nM,Yes
CHEMBL4284328,Cc1cc(Cl)ccc1-c1cc(CN2CCOCC2)c(C)n1-c1ccc(F)cc1,IC50,10000.0,nM,Yes
CHEMBL4288827,Cc1c(CN2CCOCC2)cc(-c2ccc(C(C)C)cc2)n1-c1ccc(F)cn1,IC50,600.0,nM,Yes
CHEMBL4291138,Cc1c(CN2CCOCC2)cc(-c2ccc(C(C)C)cc2)n1-c1ccc(N(C)C)cc1,IC50,2500.0,nM,Yes
CHEMBL4277084,Cc1c(CN2CCOCC2)cc(-c2ccc(C(C)C)cc2)n1Cc1ccc(F)cc1,IC50,160.0,nM,Yes
CHEMBL4278567,Cc1[nH]c(-c2ccc(C(C)C)cc2)cc1CN1CCOCC1,IC50,10000.0,nM,Yes
CHEMBL4283687,Cc1c(CN2CCOCC2)cc(-c2ccc(C(C)C)cc2)n1C,IC50,1250.0,nM,Yes
CHEMBL4294266,Cc1c(CN2CCOCC2)cc(-c2ccc(C(C)C)cc2)n1C(C)C,IC50,160.0,nM,Yes
CHEMBL4280239,Cc1c(CN2CCOCC2)cc(-c2ccc(C(C)C)cc2)n1CC(C)C,IC50,80.0,nM,Yes
CHEMBL4290873,Cc1c(CN2CCOCC2)cc(-c2ccc(C(C)C)cc2)n1C1CC1,IC50,200.0,nM,Yes
CHEMBL4290458,Cc1c(CN2CCOCC2)cc(-c2ccc(C(C)C)cc2)n1C1CCC1,IC50,80.0,nM,Yes
CHEMBL4282585,Cc1c(CN2CCOCC2)cc(-c2ccc(C(C)C)cc2)n1C1CCCCC1,IC50,630.0,nM,Yes
CHEMBL4287041,COCCn1c(-c2ccc(C(C)C)cc2)cc(CN2CCOCC2)c1C,IC50,1320.0,nM,Yes
CHEMBL4279113,COCCCn1c(-c2ccc(C(C)C)cc2)cc(CN2CCOCC2)c1C,IC50,1250.0,nM,Yes
CHEMBL4278712,Cc1c(CN2CCOCC2)cc(-c2ccc(C(C)C)cc2)n1CC(C)(C)O,IC50,2500.0,nM,Yes
CHEMBL4288349,Cc1c(CN2CCOCC2)cc(-c2ccc(C(C)C)cc2)n1C1COC1,IC50,2500.0,nM,Yes
CHEMBL4291770,Cc1c(CN2CCOCC2)cc(-c2ccc(C(C)C)cc2)n1C1CCCOC1,IC50,300.0,nM,Yes
CHEMBL4292171,Cc1c(CN2CCOCC2)cc(-c2ccc(C(C)C)cc2)n1CC1CCOCC1,IC50,5280.0,nM,Yes
CHEMBL4281548,Cc1c(CN2CCOCC2)cc(-c2ccc(C(C)C)cc2)n1CC1CCCO1,IC50,5000.0,nM,Yes
CHEMBL4284974,Cc1c(CN2CCOCC2)cc(-c2ccc(C(C)C)cc2)n1C1CCN(C)CC1,IC50,10000.0,nM,Yes
CHEMBL4294078,Cc1c(CN2CCOCC2)cc(-c2ccc(C(C)C)cc2)n1C1CCN(C(=O)OC(C)(C)C)CC1,IC50,10000.0,nM,Yes
CHEMBL4069395,Cc1c(CN2CCOCC2)cc(-c2ccc(C(C)C)cc2)n1-c1ccc(F)cc1,IC50,100.0,nM,Yes
CHEMBL4279252,CCCCCCCCCCCCCCCCOCCCOP(=O)(CCCC(=O)N(C)O)OCCCOCCCCCCCCCCCCCCCC,IC50,64000.0,nM,No
CHEMBL4286356,CCCCCCCCCCCCCCCCOCCCOP(=O)([O-])CCCC(=O)N(C)O.[Na+],IC50,64000.0,nM,No
CHEMBL4278442,CCCCCCCCCCCCOCCCOP(=O)([O-])CCCC(=O)N(C)O.[Na+],IC50,64000.0,nM,No
CHEMBL4287850,CCCCCCCCOCCCOP(=O)([O-])CCCC(=O)N(C)O.[Na+],IC50,64000.0,nM,No
CHEMBL4279944,CCCCOCCCOP(=O)([O-])CCCC(=O)N(C)O.[Na+],IC50,64000.0,nM,No
CHEMBL4284446,CN(O)C(=O)CCCP(=O)(OCc1ccc(OC(=O)c2ccccc2)cc1)OCc1ccc(OC(=O)c2ccccc2)cc1,IC50,420.0,nM,Yes
CHEMBL4295103,CCCCCCCCC(=O)Oc1ccc(COP(=O)(CCCC(=O)N(C)O)OCc2ccc(OC(=O)CCCCCCCC)cc2)cc1,IC50,1760.0,nM,Yes
CHEMBL4294662,CN(O)C(=O)CCCP(=O)(OCc1ccc(OC(=O)C(C)(C)C)cc1)OCc1ccc(OC(=O)C(C)(C)C)cc1,IC50,430.0,nM,Yes
CHEMBL4286765,CC(C)C(=O)Oc1ccc(COP(=O)(CCCC(=O)N(C)O)OCc2ccc(OC(=O)C(C)C)cc2)cc1,IC50,640.0,nM,Yes
CHEMBL4291253,CC(=O)Oc1ccc(COP(=O)(CCCC(=O)N(C)O)OCc2ccc(OC(C)=O)cc2)cc1,IC50,19680.0,nM,No
CHEMBL4283416,CC(C)OC(=O)OCOP(=O)(CCCC(=O)N(C)O)OCOC(=O)OC(C)C,IC50,64000.0,nM,No
CHEMBL2012484,CN(O)C(=O)CCCP(=O)(OCOC(=O)C(C)(C)C)OCOC(=O)C(C)(C)C,IC50,44280.0,nM,No
CHEMBL258981,CN(O)C(=O)CCCP(=O)(O)O,IC50,64000.0,nM,No
CHEMBL205338,CC(=O)N(O)CCCP(=O)(O)O,IC50,64000.0,nM,No
CHEMBL2164257,O=CN(O)CCCP(=O)([O-])O.[Na+],IC50,64000.0,nM,No
CHEMBL4461298,COC(=O)CC[C@@H](C)[C@H]1CC[C@H]2[C@H]3[C@H](C[C@H](O)[C@@]21C)[C@@]1(C)CC[C@H](n2cc(CNCCNc4ccnc5cc(Cl)ccc45)nn2)C[C@H]1C[C@H]3O,IC50,10600.0,nM,No
CHEMBL64,NNC(=O)c1ccncc1,IC50,210.0,nM,Yes
CHEMBL4546198,CCOC(=O)[C@H](CC(C)C)NP(=O)(CCCC(=O)N(C)OCc1ccc(-c2ccccc2)cc1)N[C@@H](CC(C)C)C(=O)OCC,IC50,35200.0,nM,No
CHEMBL4524732,CCOC(=O)[C@H](CC(C)C)NP(=O)(CCCC(=O)N(C)OCc1ccc2ccccc2c1)N[C@@H](CC(C)C)C(=O)OCC,IC50,48200.0,nM,No
CHEMBL4474145,CCOC(=O)[C@H](CC(C)C)NP(=O)(CCCC(=O)N(C)OCc1ccc(Cl)cc1)N[C@@H](CC(C)C)C(=O)OCC,IC50,49000.0,nM,No
CHEMBL4463020,CCOC(=O)[C@H](CC(C)C)NP(=O)(CCCC(=O)N(C)OCc1ccc(C(C)C)cc1)N[C@@H](CC(C)C)C(=O)OCC,IC50,49100.0,nM,No
CHEMBL4457059,CCOC(=O)[C@H](CC(C)C)NP(=O)(CCCC(=O)N(C)OCCCCc1ccccc1)N[C@@H](CC(C)C)C(=O)OCC,IC50,50300.0,nM,No
CHEMBL4471537,CCOC(=O)[C@H](CC(C)C)NP(=O)(CCCC(=O)N(C)OCCCc1ccccc1)N[C@@H](CC(C)C)C(=O)OCC,IC50,64000.0,nM,No
CHEMBL4577284,CCOC(=O)[C@H](CC(C)C)NP(=O)(CCCC(=O)N(C)OCc1ccccc1)N[C@@H](CC(C)C)C(=O)OCC,IC50,64000.0,nM,No
CHEMBL4447874,CCOC(=O)[C@H](CC(C)C)NP(=O)(CCCC(=O)N(C)O)N[C@@H](CC(C)C)C(=O)OCC,IC50,29400.0,nM,No
CHEMBL64,NNC(=O)c1ccncc1,IC50,210.0,nM,Yes
CHEMBL64,NNC(=O)c1ccncc1,IC50,110.0,nM,Yes
CHEMBL4443260,O=C1C2=C(C(=O)c3c1cnc1ccc(C(F)(F)F)cc31)C1CCC2C1,IC50,2510.0,nM,Yes
CHEMBL4456278,O=C1C2=C(C(=O)c3c1cnc1cc(C(F)(F)F)ccc31)C1CCC2C1,IC50,3050.0,nM,Yes
CHEMBL4521723,O=C1C2=C(C(=O)c3c1cnc1c(F)cccc31)C1CCC2C1,IC50,1540.0,nM,Yes
CHEMBL4561092,O=C1C2=C(C(=O)c3c1cnc1cc(F)ccc31)C1CCC2C1,IC50,1800.0,nM,Yes
CHEMBL4458310,O=C1C2=C(C(=O)c3c1cnc1ccc(F)cc31)C1CCC2C1,IC50,6930.0,nM,Yes
CHEMBL4455926,O=C1C2=C(C(=O)c3c1cnc1ccccc31)C1CCC2C1,IC50,1280.0,nM,Yes
CHEMBL64,NNC(=O)c1ccncc1,IC50,250.0,nM,Yes
CHEMBL4443260,O=C1C2=C(C(=O)c3c1cnc1ccc(C(F)(F)F)cc31)C1CCC2C1,IC50,2000.0,nM,Yes
CHEMBL4456278,O=C1C2=C(C(=O)c3c1cnc1cc(C(F)(F)F)ccc31)C1CCC2C1,IC50,2000.0,nM,Yes
CHEMBL4521723,O=C1C2=C(C(=O)c3c1cnc1c(F)cccc31)C1CCC2C1,IC50,1000.0,nM,Yes
CHEMBL4561092,O=C1C2=C(C(=O)c3c1cnc1cc(F)ccc31)C1CCC2C1,IC50,1000.0,nM,Yes
CHEMBL4458310,O=C1C2=C(C(=O)c3c1cnc1ccc(F)cc31)C1CCC2C1,IC50,4000.0,nM,Yes
CHEMBL4455926,O=C1C2=C(C(=O)c3c1cnc1ccccc31)C1CCC2C1,IC50,1000.0,nM,Yes
CHEMBL4537526,O=C(CN1C(=O)CSC1=O)NOCc1ccccc1,IC50,64000.0,nM,No
CHEMBL4465302,C=CCONC(=O)CN1C(=O)CSC1=O,IC50,64000.0,nM,No
CHEMBL4546562,CC(C(=O)NOCc1ccccc1)N1C(=O)CSC1=O,IC50,64000.0,nM,No
CHEMBL4457937,C=CCONC(=O)C(C)N1C(=O)CSC1=O,IC50,64000.0,nM,No
CHEMBL4453665,O=C(CN1C(=O)S/C(=C\c2ccccc2)C1=O)NOCc1ccccc1,IC50,64000.0,nM,No
CHEMBL4474614,C=CCONC(=O)CN1C(=O)S/C(=C\c2ccccc2)C1=O,IC50,64000.0,nM,No
CHEMBL4444795,CC(C(=O)NOCc1ccccc1)N1C(=O)S/C(=C\c2ccccc2)C1=O,IC50,64000.0,nM,No
CHEMBL4447417,C=CCONC(=O)C(C)N1C(=O)S/C(=C\c2ccccc2)C1=O,IC50,64000.0,nM,No
CHEMBL4459619,O=C(CN1C(=O)S/C(=C\c2ccc(C(F)(F)F)cc2)C1=O)NOCc1ccccc1,IC50,59500.0,nM,No
CHEMBL4473702,C=CCONC(=O)CN1C(=O)S/C(=C\c2ccc(C(F)(F)F)cc2)C1=O,IC50,51700.0,nM,No
CHEMBL4580100,CC(C(=O)NOCc1ccccc1)N1C(=O)S/C(=C\c2ccc(C(F)(F)F)cc2)C1=O,IC50,64000.0,nM,No
CHEMBL4438652,C=CCONC(=O)C(C)N1C(=O)S/C(=C\c2ccc(C(F)(F)F)cc2)C1=O,IC50,64000.0,nM,No
CHEMBL4436172,O=C(CN1C(=O)S/C(=C\c2ccc(F)cc2)C1=O)NOCc1ccccc1,IC50,64000.0,nM,No
CHEMBL4558855,C=CCONC(=O)CN1C(=O)S/C(=C\c2ccc(F)cc2)C1=O,IC50,64000.0,nM,No
CHEMBL4462193,CC(C(=O)NOCc1ccccc1)N1C(=O)S/C(=C\c2ccc(F)cc2)C1=O,IC50,64000.0,nM,No
CHEMBL4454187,C=CCONC(=O)C(C)N1C(=O)S/C(=C\c2ccc(F)cc2)C1=O,IC50,60000.0,nM,No
CHEMBL4445869,CCCC/C=C1\SC(=O)N(CC(=O)NOCc2ccccc2)C1=O,IC50,55000.0,nM,No
CHEMBL4451641,C=CCONC(=O)CN1C(=O)S/C(=C\CCCC)C1=O,IC50,42200.0,nM,No
CHEMBL4437706,CCCC/C=C1\SC(=O)N(C(C)C(=O)NOCc2ccccc2)C1=O,IC50,44400.0,nM,No
CHEMBL4570391,C=CCONC(=O)C(C)N1C(=O)S/C(=C\CCCC)C1=O,IC50,64000.0,nM,No
CHEMBL64,NNC(=O)c1ccncc1,IC50,100.0,nM,Yes
CHEMBL4444662,Cc1ccc(CCn2ccn3cc([N+](=O)[O-])nc3c2=O)cc1,IC50,4000.0,nM,Yes
CHEMBL4472888,O=c1c2nc([N+](=O)[O-])cn2ccn1CCc1ccc(OC(F)(F)F)cc1,IC50,8000.0,nM,Yes
CHEMBL4466173,CC1(c2ccc(C#N)cc2)NC(=O)N(CC(=O)c2ccc(F)cc2F)C1=O,IC50,1000.0,nM,Yes
CHEMBL4584270,C[C@]1(c2ccc(C#N)cc2)NC(=O)N(CC(=O)c2ccc(F)cc2F)C1=O,IC50,400.0,nM,Yes
CHEMBL4476371,CC1(c2ccc(OC(F)F)cc2)NC(=O)N(CC(=O)c2ccc(F)cc2F)C1=O,IC50,740.0,nM,Yes
CHEMBL4535475,CC1(c2ccc(-n3cnnn3)cc2)NC(=O)N(CC(=O)c2ccc(F)cc2F)C1=O,IC50,130.0,nM,Yes
CHEMBL4463635,CC1(c2ccc(N3CCOC3=O)cc2)NC(=O)N(CC(=O)c2ccc(F)cc2F)C1=O,IC50,850.0,nM,Yes
CHEMBL4534405,CC1(c2ccc(NS(C)(=O)=O)cc2)NC(=O)N(CC(=O)c2ccc(F)cc2F)C1=O,IC50,440.0,nM,Yes
CHEMBL4450199,Cn1c2ccccc2c2cc(/C=C3\SC(=S)N(c4ccccc4)C3=O)ccc21,IC50,75000.0,nM,No
CHEMBL4435783,Cc1cc(=O)oc2cc(N3C(=O)/C(=C/c4ccc5c(c4)c4ccccc4n5C)SC3=S)ccc12,IC50,20000.0,nM,No
CHEMBL4538390,Cn1c2ccccc2c2cc(/C=C3\SC(=S)N(c4cccc(O)c4)C3=O)ccc21,IC50,25000.0,nM,No
CHEMBL4446008,COc1ccc(N2C(=O)/C(=C/c3ccc4c(c3)c3ccccc3n4C)SC2=S)cc1OC,IC50,50000.0,nM,No
CHEMBL4456148,Cc1ccc(O)c(C(=O)/C=C/c2cn(-c3ccc(F)cc3)nc2-c2sc(C)nc2C)c1,IC50,5560.0,nM,Yes
CHEMBL4588821,Cc1nc(C)c(-c2nn(-c3ccc(F)cc3)cc2/C=C/C(=O)c2cc(Cl)c(C)cc2O)s1,IC50,2440.0,nM,Yes
CHEMBL4434860,Cc1nc(C)c(-c2nn(-c3ccc(F)cc3)cc2/C=C/C(=O)c2c(O)cc(C)c(Cl)c2C)s1,IC50,30000.0,nM,No
CHEMBL4473492,Cc1nc(C)c(-c2nn(-c3ccc(F)cc3)cc2C2CC(c3cc(Br)ccc3O)=NN2)s1,IC50,310.0,nM,Yes
CHEMBL4581211,Cc1nc(C)c(-c2nn(-c3ccc(F)cc3)cc2C2CC(c3cc(Cl)ccc3O)=NN2)s1,IC50,60.0,nM,Yes
CHEMBL4456557,Cc1ccc(O)c(C2=NNC(c3cn(-c4ccc(F)cc4)nc3-c3sc(C)nc3C)C2)c1,IC50,4310.0,nM,Yes
CHEMBL4589519,Cc1nc(C)c(-c2nn(-c3ccc(F)cc3)cc2C2CC(c3cc(Cl)c(C)cc3O)=NN2)s1,IC50,520.0,nM,Yes
CHEMBL4476282,Cc1nc(C)c(-c2nn(-c3ccc(F)cc3)cc2C2CC(c3c(O)cc(C)c(Cl)c3C)=NN2)s1,IC50,80.0,nM,Yes
CHEMBL4517718,Cc1ccc2oc(-c3cn(-c4ccc(F)cc4)nc3-c3sc(C)nc3C)cc(=O)c2c1,IC50,1070.0,nM,Yes
CHEMBL4522688,Cc1nc(C)c(-c2nn(-c3ccc(F)cc3)cc2-c2cc(=O)c3cc(Cl)c(C)cc3o2)s1,IC50,1670.0,nM,Yes
CHEMBL374478,CO[C@H]1/C=C/O[C@@]2(C)Oc3c(C)c(O)c4c(O)c(c(/C=N/N5CCN(C)CC5)c(O)c4c3C2=O)NC(=O)/C(C)=C\C=C\[C@H](C)[C@H](O)[C@@H](C)[C@@H](O)[C@@H](C)[C@H](OC(C)=O)[C@@H]1C,IC50,2.4,nM,Yes
CHEMBL4456148,Cc1ccc(O)c(C(=O)/C=C/c2cn(-c3ccc(F)cc3)nc2-c2sc(C)nc2C)c1,IC50,2860.0,nM,Yes
CHEMBL4588821,Cc1nc(C)c(-c2nn(-c3ccc(F)cc3)cc2/C=C/C(=O)c2cc(Cl)c(C)cc2O)s1,IC50,1920.0,nM,Yes
CHEMBL4473492,Cc1nc(C)c(-c2nn(-c3ccc(F)cc3)cc2C2CC(c3cc(Br)ccc3O)=NN2)s1,IC50,410.0,nM,Yes
CHEMBL4581211,Cc1nc(C)c(-c2nn(-c3ccc(F)cc3)cc2C2CC(c3cc(Cl)ccc3O)=NN2)s1,IC50,360.0,nM,Yes
CHEMBL4456557,Cc1ccc(O)c(C2=NNC(c3cn(-c4ccc(F)cc4)nc3-c3sc(C)nc3C)C2)c1,IC50,11870.0,nM,No
CHEMBL4589519,Cc1nc(C)c(-c2nn(-c3ccc(F)cc3)cc2C2CC(c3cc(Cl)c(C)cc3O)=NN2)s1,IC50,1620.0,nM,Yes
CHEMBL4476282,Cc1nc(C)c(-c2nn(-c3ccc(F)cc3)cc2C2CC(c3c(O)cc(C)c(Cl)c3C)=NN2)s1,IC50,440.0,nM,Yes
CHEMBL4517718,Cc1ccc2oc(-c3cn(-c4ccc(F)cc4)nc3-c3sc(C)nc3C)cc(=O)c2c1,IC50,160.0,nM,Yes
CHEMBL4522688,Cc1nc(C)c(-c2nn(-c3ccc(F)cc3)cc2-c2cc(=O)c3cc(Cl)c(C)cc3o2)s1,IC50,670.0,nM,Yes
CHEMBL377236,COC(=O)/C1=C/c2c([nH]c3ccccc23)/C(C(=O)OC)=C\c2c1[nH]c1ccccc21,IC50,240.0,nM,Yes
CHEMBL374478,CO[C@H]1/C=C/O[C@@]2(C)Oc3c(C)c(O)c4c(O)c(c(/C=N/N5CCN(C)CC5)c(O)c4c3C2=O)NC(=O)/C(C)=C\C=C\[C@H](C)[C@H](O)[C@@H](C)[C@@H](O)[C@@H](C)[C@H](OC(C)=O)[C@@H]1C,IC50,550.0,nM,Yes
CHEMBL4533781,CC(=O)O[C@H]1C[C@@H]2[C@](C)([C@H](O)C[C@@H]3[C@@]4(C)CCCC(C)(C)[C@@H]4CC[C@@]23C)[C@@H]2C1=CC[C@H]2OC(C)=O,IC50,2670.0,nM,Yes
CHEMBL4556122,O=C(CNC1CCCCC1)N(c1ccccc1)c1ccccc1,IC50,14000.0,nM,No
CHEMBL4566221,O=C(CNC1CCCC1)N(c1ccccc1)c1ccccc1,IC50,10400.0,nM,No
CHEMBL4455126,COc1ccc(/C=C/C(C)=N/Nc2nc(-c3ccc(N)cc3)cs2)cc1OC,IC50,63.0,nM,Yes
CHEMBL4534306,COc1ccc(/C=C/C(C)=N/NC(N)=S)cc1OC,IC50,190.0,nM,Yes
CHEMBL4582915,COc1ccc(O)c(-c2csc(N/N=C(C)/C=C/c3ccc(OC)c(OC)c3)n2)c1,IC50,23000.0,nM,No
CHEMBL4546338,COc1ccc(/C=C/C(C)=N/Nc2nc(-c3ccccc3O)cs2)cc1OC,IC50,24000.0,nM,No
CHEMBL4551610,COc1ccc(/C=C/C(C)=N/Nc2nc(-c3c(OC)cccc3OC)cs2)cc1OC,IC50,6600.0,nM,Yes
CHEMBL4539172,COc1ccc(/C=C/C(C)=N/Nc2nc(-c3ccc(OC)c(OC)c3)cs2)cc1OC,IC50,7400.0,nM,Yes
CHEMBL4539586,COc1ccc(-c2csc(N/N=C(C)/C=C/c3ccc(OC)c(OC)c3)n2)cc1,IC50,8400.0,nM,Yes
CHEMBL4534306,COc1ccc(/C=C/C(C)=N/NC(N)=S)cc1OC,IC50,980.0,nM,Yes
CHEMBL4534306,COc1ccc(/C=C/C(C)=N/NC(N)=S)cc1OC,IC50,150.0,nM,Yes
CHEMBL4455126,COc1ccc(/C=C/C(C)=N/Nc2nc(-c3ccc(N)cc3)cs2)cc1OC,IC50,97.0,nM,Yes
CHEMBL4534306,COc1ccc(/C=C/C(C)=N/NC(N)=S)cc1OC,IC50,98.0,nM,Yes
CHEMBL4455126,COc1ccc(/C=C/C(C)=N/Nc2nc(-c3ccc(N)cc3)cs2)cc1OC,IC50,98.0,nM,Yes
CHEMBL4534306,COc1ccc(/C=C/C(C)=N/NC(N)=S)cc1OC,IC50,1300.0,nM,Yes
CHEMBL4539586,COc1ccc(-c2csc(N/N=C(C)/C=C/c3ccc(OC)c(OC)c3)n2)cc1,IC50,12000.0,nM,No
CHEMBL4539172,COc1ccc(/C=C/C(C)=N/Nc2nc(-c3ccc(OC)c(OC)c3)cs2)cc1OC,IC50,12000.0,nM,No
CHEMBL4551610,COc1ccc(/C=C/C(C)=N/Nc2nc(-c3c(OC)cccc3OC)cs2)cc1OC,IC50,9100.0,nM,Yes
CHEMBL4455126,COc1ccc(/C=C/C(C)=N/Nc2nc(-c3ccc(N)cc3)cs2)cc1OC,IC50,680.0,nM,Yes
CHEMBL374478,CO[C@H]1/C=C/O[C@@]2(C)Oc3c(C)c(O)c4c(O)c(c(/C=N/N5CCN(C)CC5)c(O)c4c3C2=O)NC(=O)/C(C)=C\C=C\[C@H](C)[C@H](O)[C@@H](C)[C@@H](O)[C@@H](C)[C@H](OC(C)=O)[C@@H]1C,IC50,8.4,nM,Yes
CHEMBL64,NNC(=O)c1ccncc1,IC50,200000.0,nM,No
CHEMBL33,C[C@H]1COc2c(N3CCN(C)CC3)c(F)cc3c(=O)c(C(=O)O)cn1c23,IC50,640.0,nM,Yes
CHEMBL4534306,COc1ccc(/C=C/C(C)=N/NC(N)=S)cc1OC,IC50,790.0,nM,Yes
CHEMBL4539586,COc1ccc(-c2csc(N/N=C(C)/C=C/c3ccc(OC)c(OC)c3)n2)cc1,IC50,8000.0,nM,Yes
CHEMBL4539172,COc1ccc(/C=C/C(C)=N/Nc2nc(-c3ccc(OC)c(OC)c3)cs2)cc1OC,IC50,7100.0,nM,Yes
CHEMBL4551610,COc1ccc(/C=C/C(C)=N/Nc2nc(-c3c(OC)cccc3OC)cs2)cc1OC,IC50,5600.0,nM,Yes
CHEMBL4455126,COc1ccc(/C=C/C(C)=N/Nc2nc(-c3ccc(N)cc3)cs2)cc1OC,IC50,380.0,nM,Yes
CHEMBL374478,CO[C@H]1/C=C/O[C@@]2(C)Oc3c(C)c(O)c4c(O)c(c(/C=N/N5CCN(C)CC5)c(O)c4c3C2=O)NC(=O)/C(C)=C\C=C\[C@H](C)[C@H](O)[C@@H](C)[C@@H](O)[C@@H](C)[C@H](OC(C)=O)[C@@H]1C,IC50,4.7,nM,Yes
CHEMBL64,NNC(=O)c1ccncc1,IC50,200000.0,nM,No
CHEMBL33,C[C@H]1COc2c(N3CCN(C)CC3)c(F)cc3c(=O)c(C(=O)O)cn1c23,IC50,840.0,nM,Yes
CHEMBL4534306,COc1ccc(/C=C/C(C)=N/NC(N)=S)cc1OC,IC50,1100.0,nM,Yes
CHEMBL4539586,COc1ccc(-c2csc(N/N=C(C)/C=C/c3ccc(OC)c(OC)c3)n2)cc1,IC50,11000.0,nM,No
CHEMBL4539172,COc1ccc(/C=C/C(C)=N/Nc2nc(-c3ccc(OC)c(OC)c3)cs2)cc1OC,IC50,9200.0,nM,Yes
CHEMBL4551610,COc1ccc(/C=C/C(C)=N/Nc2nc(-c3c(OC)cccc3OC)cs2)cc1OC,IC50,7000.0,nM,Yes
CHEMBL4455126,COc1ccc(/C=C/C(C)=N/Nc2nc(-c3ccc(N)cc3)cs2)cc1OC,IC50,540.0,nM,Yes
CHEMBL374478,CO[C@H]1/C=C/O[C@@]2(C)Oc3c(C)c(O)c4c(O)c(c(/C=N/N5CCN(C)CC5)c(O)c4c3C2=O)NC(=O)/C(C)=C\C=C\[C@H](C)[C@H](O)[C@@H](C)[C@@H](O)[C@@H](C)[C@H](OC(C)=O)[C@@H]1C,IC50,1200.0,nM,Yes
CHEMBL64,NNC(=O)c1ccncc1,IC50,150.0,nM,Yes
CHEMBL33,C[C@H]1COc2c(N3CCN(C)CC3)c(F)cc3c(=O)c(C(=O)O)cn1c23,IC50,590.0,nM,Yes
CHEMBL4534306,COc1ccc(/C=C/C(C)=N/NC(N)=S)cc1OC,IC50,1200.0,nM,Yes
CHEMBL4539586,COc1ccc(-c2csc(N/N=C(C)/C=C/c3ccc(OC)c(OC)c3)n2)cc1,IC50,8700.0,nM,Yes
CHEMBL4539172,COc1ccc(/C=C/C(C)=N/Nc2nc(-c3ccc(OC)c(OC)c3)cs2)cc1OC,IC50,19000.0,nM,No
CHEMBL4551610,COc1ccc(/C=C/C(C)=N/Nc2nc(-c3c(OC)cccc3OC)cs2)cc1OC,IC50,10000.0,nM,Yes
CHEMBL4455126,COc1ccc(/C=C/C(C)=N/Nc2nc(-c3ccc(N)cc3)cs2)cc1OC,IC50,760.0,nM,Yes
CHEMBL374478,CO[C@H]1/C=C/O[C@@]2(C)Oc3c(C)c(O)c4c(O)c(c(/C=N/N5CCN(C)CC5)c(O)c4c3C2=O)NC(=O)/C(C)=C\C=C\[C@H](C)[C@H](O)[C@@H](C)[C@@H](O)[C@@H](C)[C@H](OC(C)=O)[C@@H]1C,IC50,50000.0,nM,No
CHEMBL64,NNC(=O)c1ccncc1,IC50,540.0,nM,Yes
CHEMBL33,C[C@H]1COc2c(N3CCN(C)CC3)c(F)cc3c(=O)c(C(=O)O)cn1c23,IC50,600.0,nM,Yes
CHEMBL4534306,COc1ccc(/C=C/C(C)=N/NC(N)=S)cc1OC,IC50,2800.0,nM,Yes
CHEMBL4539586,COc1ccc(-c2csc(N/N=C(C)/C=C/c3ccc(OC)c(OC)c3)n2)cc1,IC50,23000.0,nM,No
CHEMBL4539172,COc1ccc(/C=C/C(C)=N/Nc2nc(-c3ccc(OC)c(OC)c3)cs2)cc1OC,IC50,18000.0,nM,No
CHEMBL4551610,COc1ccc(/C=C/C(C)=N/Nc2nc(-c3c(OC)cccc3OC)cs2)cc1OC,IC50,13000.0,nM,No
CHEMBL4455126,COc1ccc(/C=C/C(C)=N/Nc2nc(-c3ccc(N)cc3)cs2)cc1OC,IC50,2300.0,nM,Yes
CHEMBL374478,CO[C@H]1/C=C/O[C@@]2(C)Oc3c(C)c(O)c4c(O)c(c(/C=N/N5CCN(C)CC5)c(O)c4c3C2=O)NC(=O)/C(C)=C\C=C\[C@H](C)[C@H](O)[C@@H](C)[C@@H](O)[C@@H](C)[C@H](OC(C)=O)[C@@H]1C,IC50,13.0,nM,Yes
CHEMBL64,NNC(=O)c1ccncc1,IC50,360.0,nM,Yes
CHEMBL33,C[C@H]1COc2c(N3CCN(C)CC3)c(F)cc3c(=O)c(C(=O)O)cn1c23,IC50,12000.0,nM,No
CHEMBL4524408,C/C=C(\C)C(=O)O[C@@H]1[C@@H](C)[C@@]2(O)[C@@H](C=C(C=O)C[C@H]3C(=O)C(C)=C[C@H]32)[C@@H]2C(C)(C)[C@]12OC(C)=O,IC50,19500.0,nM,No
CHEMBL4565346,CCC(C)C(=O)O[C@@]12[C@H](O)[C@@H](C)[C@@]3(O)[C@@H](C(=O)C(CO)=C[C@]4(O)C(=O)C(C)=C[C@@H]34)[C@@H]1C2(C)C,IC50,20900.0,nM,No
CHEMBL4469740,CCC(C)C(=O)O[C@@]12[C@H](O)[C@@H](C)[C@]3(O)[C@@H]4C=C(C)C(=O)[C@@]4(O)C=C(CO)[C@H](O)[C@H]3[C@@H]1C2(C)C,IC50,30000.0,nM,No
CHEMBL64,NNC(=O)c1ccncc1,IC50,2040.0,nM,Yes
CHEMBL124518,CC1=C[C@H]2[C@]3(O)[C@@H](C=C(CO)C[C@]2(O)C1=O)[C@@H]1C(C)(C)[C@]1(O)[C@H](O)[C@H]3C,IC50,30000.0,nM,No
CHEMBL4525397,C/C=C(\C)C(=O)O[C@@H]1[C@@H](C)[C@@]2(O)[C@@H](C(=O)C(CO)=C[C@]3(O)C(=O)C(C)=C[C@@H]23)[C@@H]2C(C)(C)[C@]12OC(=O)C(C)C,IC50,13400.0,nM,No
CHEMBL2375780,C/C=C(\C)C(=O)O[C@@H]1[C@@H](C)[C@@]2(O)[C@@H](C=C(CO)C[C@H]3C(=O)C(C)=C[C@H]32)[C@@H]2C(C)(C)[C@]12OC(C)=O,IC50,20500.0,nM,No
CHEMBL4471846,CCC(C)C(=O)O[C@@]12[C@H](O)[C@@H](C)[C@@]3(O)[C@@H](C=C(CO)C[C@]4(O)C(=O)C(C)=C[C@@H]34)[C@@H]1C2(C)C,IC50,30000.0,nM,No
CHEMBL3443846,Cc1cnc(NC(=O)c2csc(NCC(C)C)n2)s1,IC50,1989.27,nM,Yes
CHEMBL3439886,O=S(=O)(Nc1cnc(N2CCCC2)nc1)c1ccc(OC(F)(F)F)cc1,IC50,100000.0,nM,No
CHEMBL3497390,Cl.O=C(Nc1nc2c(s1)CNCC2)NC1CCCC1,IC50,100000.0,nM,No
CHEMBL3439283,Cc1cc(=O)[nH]c(-n2nc(C3CC3)cc2N)n1,IC50,27466.93,nM,No
CHEMBL3439284,CCCc1cc(=O)[nH]c(-n2nc(C3CC3)cc2N)n1,IC50,6140.42,nM,Yes
CHEMBL3439285,CC(C)c1cc(=O)[nH]c(-n2nc(C3CC3)cc2N)n1,IC50,4627.34,nM,Yes
CHEMBL3439327,COc1cccc2sc(N3CCN(C(=O)c4cc(C)on4)CC3)nc12,IC50,100000.0,nM,No
CHEMBL3439329,Cc1cc(C(=O)N2CCN(c3nc4c(C(C)C)cccc4s3)CC2)no1,IC50,57933.22,nM,No
CHEMBL3440061,Cc1ccc(S(=O)(=O)NCCc2ccoc2)s1,IC50,31037.59,nM,No
CHEMBL3439526,Cc1nc(-n2nc(C3CC3)cc2NC(=O)C(C)C)[nH]c(=O)c1C,IC50,7577.15,nM,Yes
CHEMBL3440228,O=C(NCCC(O)c1ccoc1)Nc1cccs1,IC50,100000.0,nM,No
CHEMBL3443215,Cc1nc(-c2ccccc2)cc2nn(CC(N)=O)c(=O)n12,IC50,100000.0,nM,No
CHEMBL3443231,CCOc1cccc2c1OCC(=O)N(c1ccc(N(C)C)cc1)C2,IC50,44099.78,nM,No
CHEMBL3439608,O=C(NCC(O)c1ccsc1)Nc1cccs1,IC50,67511.51,nM,No
CHEMBL3498516,O=C(CN1CC(c2nc(C3CC3)no2)C1)N1CCOCC1.O=C(O)C(=O)O,IC50,100000.0,nM,No
CHEMBL3439066,Cc1cc(O)cc(=O)n1CCCC(=O)Nc1n[nH]c2cc(Br)ccc12,IC50,100000.0,nM,No
CHEMBL3497385,Cc1ncc(CNCCO)c2cc(C(=O)c3ccc(Br)cc3)oc12.Cl,IC50,48977.88,nM,No
CHEMBL3439145,Cc1cc(O)cc(=O)n1CCCC(=O)Nc1n[nH]c2cccc(F)c12,IC50,100000.0,nM,No
CHEMBL3438546,O=C(CCC(=O)N1CCC(c2noc3cc(F)ccc23)CC1)NC1CC1,IC50,100000.0,nM,No
CHEMBL3438666,COC(=O)[C@H](CCSC)NC(=O)Cn1ccc2c(Cl)cccc21,IC50,70662.69,nM,No
CHEMBL3438802,O=C(NCCc1cccc(F)c1)C1(n2cnnn2)CCCCC1,IC50,11137.23,nM,No
CHEMBL3438876,Cc1cc(NCc2ccccc2)nc2[nH]nc(N)c12,IC50,79834.47,nM,No
CHEMBL3438893,Cc1cc(NCc2ccco2)nc2[nH]nc(N)c12,IC50,100000.0,nM,No
CHEMBL3497382,CN(C)S(=O)(=O)c1ccc(-c2nc(C#N)c(NC(C)(C)C)o2)o1.Cl,IC50,11273.53,nM,No
CHEMBL3456692,COc1ccc(N2CCC(NCc3csc(C(C)C)n3)CC2)cc1,IC50,100000.0,nM,No
CHEMBL3450875,CC1c2ccc(F)cc2CCN1C(=O)c1[nH]c(=O)[nH]c(=O)c1N,IC50,100000.0,nM,No
CHEMBL3450882,CC1c2cc(F)ccc2CCN1C(=O)c1[nH]c(=O)[nH]c(=O)c1N,IC50,66922.96,nM,No
CHEMBL3450883,Cc1[nH]ccc1C(=O)N1CCOCC12CCCC2,IC50,100000.0,nM,No
CHEMBL3445582,CCN(CC)c1nc(Nc2cccc(C(C)O)c2)nc2ccccc12,IC50,12151.6,nM,No
CHEMBL3445636,CCn1nc(C)c(CNC(=O)c2nnc3ccc(Cl)cc3n2)c1C,IC50,17335.03,nM,No
CHEMBL3446557,CN[C@@H]1CCC[C@@H](Oc2ccccc2Oc2ccc(C)cc2)[C@@H]1O,IC50,89165.89,nM,No
CHEMBL3446557,CN[C@@H]1CCC[C@@H](Oc2ccccc2Oc2ccc(C)cc2)[C@@H]1O,IC50,49663.03,nM,No
CHEMBL3446568,Cc1ccccc1OC1CCN(CC(=O)Nc2cn(C)nc2C)CC1,IC50,100000.0,nM,No
CHEMBL3446584,CCCN1CCC(c2cc(CCOc3ccc(C(F)(F)F)cc3)[nH]n2)C1,IC50,100000.0,nM,No
CHEMBL3446584,CCCN1CCC(c2cc(CCOc3ccc(C(F)(F)F)cc3)[nH]n2)C1,IC50,45768.98,nM,No
CHEMBL3446586,Cc1cc(Nc2ccc(F)cn2)cc(C2CCN(Cc3ncc[nH]3)C2)n1,IC50,100000.0,nM,No
CHEMBL3446586,Cc1cc(Nc2ccc(F)cn2)cc(C2CCN(Cc3ncc[nH]3)C2)n1,IC50,100000.0,nM,No
CHEMBL3446592,Cc1cc2ccccc2n1CCC(=O)N1CCN(C)CC1C(N)=O,IC50,100000.0,nM,No
CHEMBL3446592,Cc1cc2ccccc2n1CCC(=O)N1CCN(C)CC1C(N)=O,IC50,100000.0,nM,No
CHEMBL3446594,c1cnc(N2CCC(c3csc(Nc4cnccn4)n3)CC2)nc1,IC50,100000.0,nM,No
CHEMBL3446594,c1cnc(N2CCC(c3csc(Nc4cnccn4)n3)CC2)nc1,IC50,100000.0,nM,No
CHEMBL3446603,CCC(C)(C)n1nnnc1C(c1cccs1)N1CCc2ccccc2C1,IC50,100000.0,nM,No
CHEMBL3446603,CCC(C)(C)n1nnnc1C(c1cccs1)N1CCc2ccccc2C1,IC50,25014.66,nM,No
CHEMBL3447098,c1cc(CN2CCCCC2c2ccc(Nc3cnccn3)nc2)ccn1,IC50,100000.0,nM,No
CHEMBL3447098,c1cc(CN2CCCCC2c2ccc(Nc3cnccn3)nc2)ccn1,IC50,48977.88,nM,No
CHEMBL3447946,COc1ccc(CNC(Cc2ccsc2)c2ncccc2C)cc1OC,IC50,48977.88,nM,No
CHEMBL3448087,CC(C)C(NC(=O)c1cnc(N2CCOCC2)nc1)c1cccs1,IC50,48167.53,nM,No
CHEMBL3448904,COCC(=O)N1CCCC1c1cccc(Nc2ncc(C)s2)n1,IC50,100000.0,nM,No
CHEMBL3448904,COCC(=O)N1CCCC1c1cccc(Nc2ncc(C)s2)n1,IC50,100000.0,nM,No
CHEMBL3446655,c1ccc(CCN2CCCC2c2cccc(Nc3nccs3)n2)cc1,IC50,38922.66,nM,No
CHEMBL3446655,c1ccc(CCN2CCCC2c2cccc(Nc3nccs3)n2)cc1,IC50,27248.44,nM,No
CHEMBL3497741,CCC(CN1CCOCC1)n1cncc1-c1ccc2c(c1)CCN2CC.Cl,IC50,98452.17,nM,No
CHEMBL3448948,CNc1cc(C2CN(Cc3scnc3C)CCO2)nc(C)n1,IC50,100000.0,nM,No
CHEMBL3448948,CNc1cc(C2CN(Cc3scnc3C)CCO2)nc(C)n1,IC50,100000.0,nM,No
CHEMBL3448961,O=C1CO[C@H]2CN(Cc3cccc4[nH]ccc34)C[C@@H]2N1C1CCOCC1,IC50,100000.0,nM,No
CHEMBL3448961,O=C1CO[C@H]2CN(Cc3cccc4[nH]ccc34)C[C@@H]2N1C1CCOCC1,IC50,50374.95,nM,No
CHEMBL3448962,O=C(c1cncs1)N1CCCC1c1ccn[nH]1,IC50,100000.0,nM,No
CHEMBL3448962,O=C(c1cncs1)N1CCCC1c1ccn[nH]1,IC50,100000.0,nM,No
CHEMBL3446678,CC1CCCN(c2ncc(-c3ccccc3F)c(-c3nccn3C)n2)C1,IC50,51394.21,nM,No
CHEMBL3446678,CC1CCCN(c2ncc(-c3ccccc3F)c(-c3nccn3C)n2)C1,IC50,19965.38,nM,No
CHEMBL3446692,Cc1cnc(Nc2cccc(C3CCCN3Cc3cn(C)nc3C)n2)s1,IC50,9012.76,nM,Yes
CHEMBL3446692,Cc1cnc(Nc2cccc(C3CCCN3Cc3cn(C)nc3C)n2)s1,IC50,18122.78,nM,No
CHEMBL3446744,Fc1ccccc1CN1CCC[C@@H](Cn2nnc(-c3cccs3)n2)C1,IC50,100000.0,nM,No
CHEMBL3448204,COc1cccc(CN2CCCC2c2cncc(Nc3nncs3)n2)c1,IC50,26907.46,nM,No
CHEMBL3448205,c1ccc(CCN2CCCC2c2cncc(Nc3nncs3)n2)cc1,IC50,25539.17,nM,No
CHEMBL3446762,CN(C)S(=O)(=O)N1CCCCCC1c1cc(-c2ccc(F)cc2)no1,IC50,100000.0,nM,No
CHEMBL3446762,CN(C)S(=O)(=O)N1CCCCCC1c1cc(-c2ccc(F)cc2)no1,IC50,84139.46,nM,No
CHEMBL3446775,Oc1cc(C2CCCN(Cc3cccs3)C2)nc(-c2ccccn2)n1,IC50,14638.59,nM,No
CHEMBL3446775,Oc1cc(C2CCCN(Cc3cccs3)C2)nc(-c2ccccn2)n1,IC50,6624.46,nM,Yes
CHEMBL3497662,CN(C)[C@@H]1CN(Cc2ccccc2O)C[C@H]1c1cn(C)c2ccccc12.Cl,IC50,28324.53,nM,No
CHEMBL3448249,c1nnc(Nc2cncc(C3CCCN3CC3CC3)n2)s1,IC50,29806.72,nM,No
CHEMBL3504708,Cc1ccc(CN(CCCn2ccnc2)Cc2c(F)cccc2F)s1.O=C(O)CC(O)(CC(=O)O)C(=O)O,IC50,23619.32,nM,No
CHEMBL3504708,Cc1ccc(CN(CCCn2ccnc2)Cc2c(F)cccc2F)s1.O=C(O)CC(O)(CC(=O)O)C(=O)O,IC50,22186.35,nM,No
CHEMBL3504709,Cc1ccc(CN(CCCn2ccnc2)Cc2cc(F)ccc2F)s1.O=C(O)CC(O)(CC(=O)O)C(=O)O,IC50,18851.81,nM,No
CHEMBL3504709,Cc1ccc(CN(CCCn2ccnc2)Cc2cc(F)ccc2F)s1.O=C(O)CC(O)(CC(=O)O)C(=O)O,IC50,23964.43,nM,No
CHEMBL3504711,Cc1ccc(CN(CCCn2ccnc2)Cc2cccs2)s1.O=C(O)CC(O)(CC(=O)O)C(=O)O,IC50,19872.75,nM,No
CHEMBL3504713,COc1ccc(F)c(CN(CCCn2ccnc2)Cc2ccc(C)s2)c1.O=C(O)CC(O)(CC(=O)O)C(=O)O,IC50,27402.43,nM,No
CHEMBL3504713,COc1ccc(F)c(CN(CCCn2ccnc2)Cc2ccc(C)s2)c1.O=C(O)CC(O)(CC(=O)O)C(=O)O,IC50,25179.24,nM,No
CHEMBL3497779,Cl.Fc1ccc(F)c(CN2CCC(c3cc4ncccc4cn3)CC2)c1,IC50,100000.0,nM,No
CHEMBL3497780,Cl.Fc1cccc(CN2CCC(c3cc4ncccc4cn3)CC2)c1F,IC50,43289.84,nM,No
CHEMBL3497781,COc1ccc(CNC(Cc2ccsc2)c2ccc(C)cn2)cc1OC.Cl,IC50,25601.09,nM,No
CHEMBL3448338,COc1cccc(OC)c1CNC(Cc1ccsc1)c1ccc(C)cn1,IC50,27030.42,nM,No
CHEMBL3504716,Cc1ccc(O)c(CN(CCCn2ccnc2)Cc2ccc(C)s2)c1.O=C(O)CC(O)(CC(=O)O)C(=O)O,IC50,42932.24,nM,No
CHEMBL3504716,Cc1ccc(O)c(CN(CCCn2ccnc2)Cc2ccc(C)s2)c1.O=C(O)CC(O)(CC(=O)O)C(=O)O,IC50,37405.09,nM,No
CHEMBL3497785,Cl.NCC1CCC(c2c(C(=O)NCCO)sc3ccccc23)CC1,IC50,100000.0,nM,No
CHEMBL3497786,Cl.Clc1cccc(N[C@H]2CCCN[C@H]2Cc2ccccc2)c1,IC50,7216.22,nM,Yes
CHEMBL3448396,Fc1cccc(Nc2nc(N3CCCC3)nc3c2CNCC3)c1,IC50,25843.43,nM,No
CHEMBL3449174,Cc1ccc(Oc2cc(F)ccc2O[C@@H]2CCC[C@@H](N)[C@H]2O)cc1,IC50,33596.16,nM,No
CHEMBL3449174,Cc1ccc(Oc2cc(F)ccc2O[C@@H]2CCC[C@@H](N)[C@H]2O)cc1,IC50,32101.86,nM,No
CHEMBL3447480,Cn1ccnc1-c1nc(NC2CCCC2)ncc1-c1cccc(F)c1,IC50,40287.41,nM,No
CHEMBL3448405,Cc1cccc(CN2CCCC2c2cncc(Nc3nncs3)n2)c1,IC50,17112.58,nM,No
CHEMBL3498411,Cl.Cl.Clc1cccc(C[C@@H]2NCCC[C@@H]2Nc2cccc(Cl)c2)c1,IC50,5943.6,nM,Yes
CHEMBL3448427,COc1ccc(CNC(Cc2ccsc2)c2ccc(C)cn2)c(OC)c1,IC50,17861.55,nM,No
CHEMBL3448446,CNC(=O)C1(C)CN(Cc2cn(C)c3ccc(F)cc23)CCO1,IC50,100000.0,nM,No
CHEMBL3449307,Cc1cc(-c2cnc(N3CCCCCC3)nc2-c2cccnc2C)on1,IC50,68521.63,nM,No
CHEMBL3449307,Cc1cc(-c2cnc(N3CCCCCC3)nc2-c2cccnc2C)on1,IC50,79948.25,nM,No
CHEMBL3449309,COc1cc(C2Nc3cc(Cl)ccc3C3=NCCN32)ccc1O,IC50,100000.0,nM,No
CHEMBL3449309,COc1cc(C2Nc3cc(Cl)ccc3C3=NCCN32)ccc1O,IC50,100000.0,nM,No
CHEMBL3448506,CCn1ccc(-c2cc(NCCCOc3cccc(C)c3)nc(C)n2)n1,IC50,55138.83,nM,No
CHEMBL3448506,CCn1ccc(-c2cc(NCCCOc3cccc(C)c3)nc(C)n2)n1,IC50,38306.19,nM,No
CHEMBL3449345,CN1CCCCC1c1ncc2c(n1)CCN(CCCc1ccccc1)C2,IC50,39420.8,nM,No
CHEMBL3449345,CN1CCCCC1c1ncc2c(n1)CCN(CCCc1ccccc1)C2,IC50,34642.55,nM,No
CHEMBL3449346,CN1CCCCC1c1ncc2c(n1)CCN(Cc1ccc(Cl)c(F)c1)C2,IC50,50589.42,nM,No
CHEMBL3449346,CN1CCCCC1c1ncc2c(n1)CCN(Cc1ccc(Cl)c(F)c1)C2,IC50,50750.14,nM,No
CHEMBL3446826,CC(C)c1cc(C(=O)N[C@@H]2CC[C@@H](Oc3ccccc3)[C@@H]2O)on1,IC50,100000.0,nM,No
CHEMBL3446826,CC(C)c1cc(C(=O)N[C@@H]2CC[C@@H](Oc3ccccc3)[C@@H]2O)on1,IC50,1630.63,nM,Yes
CHEMBL3448571,CN(C)CCN(C)C(=O)Cn1cccc2cc(-c3ccc(F)cc3)nc1-2,IC50,42936.72,nM,No
CHEMBL3448571,CN(C)CCN(C)C(=O)Cn1cccc2cc(-c3ccc(F)cc3)nc1-2,IC50,36500.47,nM,No
CHEMBL3448573,Cc1cccc(CNC(Cc2ccsc2)c2nccs2)n1,IC50,49859.09,nM,No
CHEMBL3497815,Cc1cccc(CNC(Cc2ccsc2)c2nc(C)c(C)s2)n1.Cl,IC50,8249.84,nM,Yes
CHEMBL3497815,Cc1cccc(CNC(Cc2ccsc2)c2nc(C)c(C)s2)n1.Cl,IC50,5757.73,nM,Yes
CHEMBL3448584,COc1cccc(CNCc2nc3ccccc3c(=O)[nH]2)c1,IC50,67412.97,nM,No
CHEMBL3449386,Nc1cc(-c2cccs2)nn(CC(=O)NCC2CCCCC2)c1=O,IC50,100000.0,nM,No
CHEMBL3449386,Nc1cc(-c2cccs2)nn(CC(=O)NCC2CCCCC2)c1=O,IC50,100000.0,nM,No
CHEMBL3446863,Cc1ccccc1CN1CCCC1c1cccc(Nc2nccs2)n1,IC50,1929.6,nM,Yes
CHEMBL3446863,Cc1ccccc1CN1CCCC1c1cccc(Nc2nccs2)n1,IC50,2333.96,nM,Yes
CHEMBL3446864,Cc1cccc(CN2CCCC2c2cccc(Nc3nccs3)n2)c1,IC50,2414.04,nM,Yes
CHEMBL3446864,Cc1cccc(CN2CCCC2c2cccc(Nc3nccs3)n2)c1,IC50,1757.97,nM,Yes
CHEMBL3446874,Oc1cc(C2CCCCN2Cc2cccs2)nc(-c2ccccn2)n1,IC50,17342.44,nM,No
CHEMBL3447705,CC(C)C[C@H](N)COc1cccc(F)c1Oc1cccc(Cl)c1,IC50,13935.61,nM,No
CHEMBL3447706,CC(C)C[C@H](N)COc1cccc(F)c1Oc1ccc(Cl)cc1,IC50,20490.02,nM,No
CHEMBL3447708,Cc1ccc(Oc2c(F)cccc2OC[C@@H](N)CC(C)C)cc1,IC50,25145.6,nM,No
CHEMBL3448617,CS(=O)(=O)N[C@@H]1CN(C(=O)c2cc3ccccc3s2)C[C@H]1O,IC50,24571.17,nM,No
CHEMBL3448617,CS(=O)(=O)N[C@@H]1CN(C(=O)c2cc3ccccc3s2)C[C@H]1O,IC50,28842.93,nM,No
CHEMBL3446918,Cc1nn(C)cc1CN1CCCC1c1cccc(Nc2nccs2)n1,IC50,2021.51,nM,Yes
CHEMBL3446918,Cc1nn(C)cc1CN1CCCC1c1cccc(Nc2nccs2)n1,IC50,51521.53,nM,No
CHEMBL3497602,Cl.NC1CCc2nc(-c3cccnc3)nc(Nc3ccc(F)cc3)c2C1,IC50,6431.46,nM,Yes
CHEMBL3497602,Cl.NC1CCc2nc(-c3cccnc3)nc(Nc3ccc(F)cc3)c2C1,IC50,12805.2,nM,No
CHEMBL3497604,Cl.NC1CCc2nc(-c3ccncc3)nc(Nc3cccc(F)c3)c2C1,IC50,50379.5,nM,No
CHEMBL3497604,Cl.NC1CCc2nc(-c3ccncc3)nc(Nc3cccc(F)c3)c2C1,IC50,100000.0,nM,No
CHEMBL3497702,Cl.c1nnc(Nc2cncc(C3CCCN3)n2)s1,IC50,6426.38,nM,Yes
CHEMBL3448695,CCn1ccc(-c2cc(NCCCOc3ccccc3C)nc(C)n2)n1,IC50,1315.17,nM,Yes
CHEMBL3448695,CCn1ccc(-c2cc(NCCCOc3ccccc3C)nc(C)n2)n1,IC50,21113.67,nM,No
CHEMBL3497556,Cc1cc(C)n(CCCn2cncc2-c2ccc3c(c2)CC(C)N3C)n1.Cl,IC50,76703.6,nM,No
CHEMBL3497556,Cc1cc(C)n(CCCn2cncc2-c2ccc3c(c2)CC(C)N3C)n1.Cl,IC50,91915.45,nM,No
CHEMBL3497557,Cc1nn(C)c(C)c1CCn1cncc1-c1ccc2c(c1)CC(C)N2C.Cl,IC50,100000.0,nM,No
CHEMBL3497557,Cc1nn(C)c(C)c1CCn1cncc1-c1ccc2c(c1)CC(C)N2C.Cl,IC50,100000.0,nM,No
CHEMBL3446967,CC(C)Cn1nc(-c2ccc(C(=O)O)cc2)cc1-c1ccc(F)cc1,IC50,97100.88,nM,No
CHEMBL3448714,CCN(CC)S(=O)(=O)N1CCCC1c1cccc(Nc2ncc(C)s2)n1,IC50,100000.0,nM,No
CHEMBL3448714,CCN(CC)S(=O)(=O)N1CCCC1c1cccc(Nc2ncc(C)s2)n1,IC50,100000.0,nM,No
CHEMBL3448726,CS(=O)(=O)N1CCCC1c1cccc(Nc2nccs2)n1,IC50,100000.0,nM,No
CHEMBL3448726,CS(=O)(=O)N1CCCC1c1cccc(Nc2nccs2)n1,IC50,100000.0,nM,No
CHEMBL3497827,CC(=O)N1CCC[C@@H](NCc2c[nH]c3ccccc23)[C@@H]1c1ccc(C)s1.Cl,IC50,100000.0,nM,No
CHEMBL3497827,CC(=O)N1CCC[C@@H](NCc2c[nH]c3ccccc23)[C@@H]1c1ccc(C)s1.Cl,IC50,100000.0,nM,No
CHEMBL3497829,Cc1csc(NC(=O)c2cnc(C3CCCN3)cn2)n1.Cl,IC50,100000.0,nM,No
CHEMBL3497829,Cc1csc(NC(=O)c2cnc(C3CCCN3)cn2)n1.Cl,IC50,100000.0,nM,No
CHEMBL3448753,Nc1cc(N2CCOCC(Cc3ccc4[nH]ccc4c3)C2)ncn1,IC50,100000.0,nM,No
CHEMBL3448753,Nc1cc(N2CCOCC(Cc3ccc4[nH]ccc4c3)C2)ncn1,IC50,48977.88,nM,No
CHEMBL3497837,CCN1c2ccc(-c3cncn3CC(=O)NC(C)(C)C)cc2CC1C.Cl,IC50,100000.0,nM,No
CHEMBL3497837,CCN1c2ccc(-c3cncn3CC(=O)NC(C)(C)C)cc2CC1C.Cl,IC50,100000.0,nM,No
CHEMBL3449573,Cc1cc(-c2cnc(NC3CCCC3)nc2-c2ccc(C)o2)on1,IC50,100000.0,nM,No
CHEMBL3449573,Cc1cc(-c2cnc(NC3CCCC3)nc2-c2ccc(C)o2)on1,IC50,88803.54,nM,No
CHEMBL3449580,Cc1cc(-c2cnc(NCc3ccccn3)nc2C(C)C)on1,IC50,100000.0,nM,No
CHEMBL3449580,Cc1cc(-c2cnc(NCc3ccccn3)nc2C(C)C)on1,IC50,100000.0,nM,No
CHEMBL3449588,COc1ccccc1CN1CCc2c(nc(-c3ccccn3)[nH]c2=O)C1,IC50,3348.06,nM,Yes
CHEMBL3449589,COc1ccc(CN2CCc3c(nc(-c4ccccn4)[nH]c3=O)C2)cc1,IC50,14833.49,nM,No
CHEMBL3449589,COc1ccc(CN2CCc3c(nc(-c4ccccn4)[nH]c3=O)C2)cc1,IC50,7124.17,nM,Yes
CHEMBL3446489,CCc1cc(=O)[nH]c(NC2CCN(S(=O)(=O)c3ccccc3)CC2)n1,IC50,100000.0,nM,No
CHEMBL3446489,CCc1cc(=O)[nH]c(NC2CCN(S(=O)(=O)c3ccccc3)CC2)n1,IC50,100000.0,nM,No
CHEMBL3497567,CC(C)N(C(=O)Cn1c(-c2ccco2)cc2cccnc21)C(C)C.Cl,IC50,100000.0,nM,No
CHEMBL3497569,Cc1csc(C(Cc2ccsc2)NC(=O)CN(C)Cc2ccccn2)n1.Cl,IC50,100000.0,nM,No
CHEMBL3497569,Cc1csc(C(Cc2ccsc2)NC(=O)CN(C)Cc2ccccn2)n1.Cl,IC50,100000.0,nM,No
CHEMBL3447012,CNc1cc(CCNS(=O)(=O)c2ccccc2)nc(-c2ccccn2)n1,IC50,25749.76,nM,No
CHEMBL3447012,CNc1cc(CCNS(=O)(=O)c2ccccc2)nc(-c2ccccn2)n1,IC50,7954.64,nM,Yes
CHEMBL3447013,CNc1cc(CCNC(=O)C2CCCC2)nc(-c2ccccn2)n1,IC50,10538.16,nM,No
CHEMBL3447013,CNc1cc(CCNC(=O)C2CCCC2)nc(-c2ccccn2)n1,IC50,100000.0,nM,No
CHEMBL3446502,CCCNC(=O)C(C)n1nc(-c2ccc(C)o2)cc(N)c1=O,IC50,100000.0,nM,No
CHEMBL3446502,CCCNC(=O)C(C)n1nc(-c2ccc(C)o2)cc(N)c1=O,IC50,100000.0,nM,No
CHEMBL3446508,Cc1cc2c(cc1Cl)C=CC1(CCN(CC(=O)NC3CCCC3)CC1)O2,IC50,49944.59,nM,No
CHEMBL3497572,CCOc1ccccc1-c1cc(N)[nH]n1.Cl,IC50,26445.33,nM,No
CHEMBL3462530,CCC(NC(=O)Nc1ccc(OC)c(C)c1)c1ccncc1,IC50,49869.47,nM,No
CHEMBL3462531,Cc1cccn2cc(CN3CCCC(c4noc(C5CC5)n4)C3)nc12,IC50,46510.21,nM,No
CHEMBL3462533,O=C(Nc1ccnc2ccnn12)c1ccc(N2CCC(O)CC2)cc1,IC50,74094.76,nM,No
CHEMBL3462553,COCCN(C)c1ccc(NCc2ccsc2)nc1,IC50,100000.0,nM,No
CHEMBL3466410,Cn1c(CCN2CCN(c3ccc(O)cc3)CC2)nc2ccccc21,IC50,68453.24,nM,No
CHEMBL3466462,Cn1c(CCN2CCN(CCc3ccccc3)CC2)nc2ccccc21,IC50,100000.0,nM,No
CHEMBL3461816,CCOC(=O)C(C)Nc1cccc(COCc2ccco2)c1,IC50,100000.0,nM,No
CHEMBL3461817,Cc1cc(N2CCOCC2)ccc1NC(C)c1nc(C(C)(C)C)no1,IC50,100000.0,nM,No
CHEMBL3461818,Cc1cc(N2CCOCC2)ccc1NC(C)c1nc(C(C)C)no1,IC50,100000.0,nM,No
CHEMBL3461826,CCN1CCN(c2ccc(NC(C)c3nc(C(C)C)no3)c(C)c2)CC1,IC50,100000.0,nM,No
CHEMBL3461870,CN1CCN(C(=O)c2cnsn2)c2ccc(F)cc21,IC50,67433.01,nM,No
CHEMBL3461934,CCOc1cccc(COC(=O)c2cscn2)n1,IC50,100000.0,nM,No
CHEMBL3498136,Cc1ccc(CNC(c2cccc(F)c2)c2nccn2C)o1.Cl,IC50,100000.0,nM,No
CHEMBL3462489,CC(CCSc1ccccc1)N1CCN(C(=O)c2cccs2)CC1,IC50,100000.0,nM,No
CHEMBL3472201,CCNc1ncc(C(=O)NCc2ccc3nsnc3c2)cn1,IC50,100000.0,nM,No
CHEMBL3475142,Cc1ccccc1C1CCN(CCn2cc(-c3cccc(O)c3)nn2)C1,IC50,78716.69,nM,No
CHEMBL3475187,CC1(c2ccccc2)CCCN(Cc2cncn2C2CCCC2)C1,IC50,14368.87,nM,No
CHEMBL3475250,CC1(c2ccccc2)CCCN(Cc2cncn2C2CC2)C1,IC50,45717.12,nM,No
CHEMBL3478250,CC(C)Cc1ncc2c(n1)CN(c1nccc(NC(C)C)n1)C2,IC50,34544.37,nM,No
CHEMBL3476526,COc1ccc2c(c1)OCC(CNc1cc(N)nc(SC)n1)C2,IC50,62593.68,nM,No
CHEMBL3473713,COc1ccc(OCc2cc(C(=O)N3CCCCO3)n[nH]2)c(Cl)c1,IC50,100000.0,nM,No
CHEMBL3472843,COc1ccc(-n2cc(CCO)cn2)cc1C,IC50,41389.67,nM,No
CHEMBL3472955,CCSCCNc1cc(C)nc2c(C)c(C)nn12,IC50,23478.24,nM,No
CHEMBL3479820,CCNC(=O)[C@@H]1C[C@H](NC(=O)Cn2ccnc2)CN1Cc1ccsc1,IC50,100000.0,nM,No
CHEMBL3484192,CSc1nccc(-c2cccc(-c3ccn(CC4COCCO4)n3)c2)n1,IC50,40287.84,nM,No
CHEMBL3480142,Cc1nc(C2CCNCC2)cc(N(C)Cc2cc3cc(F)ccc3[nH]2)n1,IC50,72299.18,nM,No
CHEMBL3479473,Cc1ccsc1CN(c1nc(CCN)nc2ccccc12)C1CC1,IC50,49576.14,nM,No
CHEMBL3483558,CC(C)c1nc(N2CCC(N3CCCCCC3)CC2)c2cnn(C)c2n1,IC50,52501.91,nM,No
CHEMBL3482666,Cc1c(CN(C)c2cc(C3CCCNC3)ncn2)[nH]c2ccccc12,IC50,100000.0,nM,No
CHEMBL3483649,COc1cc(-c2cc(NC3CCCC3)nc3[nH]ccc23)nc(N)n1,IC50,2702.01,nM,Yes
CHEMBL3485554,CCCn1cc(-c2ccnc(NC3CCCc4ccccc43)n2)c(C)n1,IC50,21423.21,nM,No
CHEMBL3483807,O[C@@H]1CN(CC2=Cc3cc(Cl)ccc3OC2)CC[C@H]1N1CCCCCC1,IC50,52658.52,nM,No
CHEMBL3488006,Cc1cc(C)n(CC2CCCN2CC(=O)Nc2cc(C(C)C)no2)n1,IC50,44926.14,nM,No
CHEMBL3488006,Cc1cc(C)n(CC2CCCN2CC(=O)Nc2cc(C(C)C)no2)n1,IC50,19680.07,nM,No
CHEMBL3488107,Cc1noc(NC(=O)c2cccc(Br)c2)n1,IC50,16015.97,nM,No
CHEMBL3488107,Cc1noc(NC(=O)c2cccc(Br)c2)n1,IC50,28868.99,nM,No
CHEMBL3488109,Cc1noc(NC(=O)c2ccc(C#N)cc2)n1,IC50,21236.04,nM,No
CHEMBL3488109,Cc1noc(NC(=O)c2ccc(C#N)cc2)n1,IC50,70034.29,nM,No
CHEMBL3488112,Cc1noc(NC(=O)c2ccccc2)n1,IC50,62611.36,nM,No
CHEMBL3488112,Cc1noc(NC(=O)c2ccccc2)n1,IC50,39341.36,nM,No
CHEMBL3488113,Cc1ccc(C(=O)Nc2nc(C)no2)cc1,IC50,93416.77,nM,No
CHEMBL3488113,Cc1ccc(C(=O)Nc2nc(C)no2)cc1,IC50,22841.71,nM,No
CHEMBL3488114,Cc1noc(NC(=O)c2ccc(F)cc2)n1,IC50,46957.54,nM,No
CHEMBL3488114,Cc1noc(NC(=O)c2ccc(F)cc2)n1,IC50,9661.95,nM,Yes
CHEMBL3490831,COc1cc(C(=O)Nc2nc(C)no2)cc(OC)c1Br,IC50,21039.13,nM,No
CHEMBL3490831,COc1cc(C(=O)Nc2nc(C)no2)cc(OC)c1Br,IC50,30346.34,nM,No
CHEMBL3490832,COc1cc(C(=O)Nc2nc(C)no2)ccc1OC(F)F,IC50,41347.49,nM,No
CHEMBL3490832,COc1cc(C(=O)Nc2nc(C)no2)ccc1OC(F)F,IC50,26007.14,nM,No
CHEMBL3490833,COc1cc(C(=O)Nc2nc(C)no2)cc(Cl)c1OC,IC50,24807.61,nM,No
CHEMBL3490833,COc1cc(C(=O)Nc2nc(C)no2)cc(Cl)c1OC,IC50,31676.69,nM,No
CHEMBL3491782,Cc1cc(C)n(CC2CCCN2Cc2nc(N)c3ccccc3n2)n1,IC50,100000.0,nM,No
CHEMBL3492696,O=C(Cc1c[nH]c2ccccc12)N1CCC(Nc2ccccc2)CC1,IC50,100000.0,nM,No
CHEMBL3492708,CC(C)Oc1ncccc1CNC(=O)c1ccccn1,IC50,100000.0,nM,No
CHEMBL3492735,O=C(c1cc2cc(I)ccc2[nH]1)N1CCC(Nc2cccnn2)CC1,IC50,48671.2,nM,No
CHEMBL3491832,Cc1cnn(CC2CCCCN2CC(=O)Nc2nc(C)cs2)c1,IC50,47266.3,nM,No
CHEMBL3491832,Cc1cnn(CC2CCCCN2CC(=O)Nc2nc(C)cs2)c1,IC50,14286.65,nM,No
CHEMBL3489178,Cc1cccc(CN2CCN(C(=O)c3cc(C4CC4)[nH]n3)CC2)c1,IC50,77065.68,nM,No
CHEMBL3489206,c1ccc2oc(CCCN3CCCCC3Cn3cncn3)nc2c1,IC50,100000.0,nM,No
CHEMBL3491028,Cc1cccc(NC2CCN(C(=O)Nc3ccc(F)c(F)c3)CC2)n1,IC50,48977.88,nM,No
CHEMBL3491056,Cc1cnn(CC2CCCN2Cc2nc(C)c3ccccc3n2)c1,IC50,34852.43,nM,No
CHEMBL3491064,Cc1cnn(CC2CCCN2Cc2nc3ccccc3c(=O)[nH]2)c1,IC50,17911.55,nM,No
CHEMBL3489305,CCCNC(=O)NC(=O)CNC(C)(C)c1ccc2c(c1)OCCO2,IC50,23539.41,nM,No
CHEMBL3491112,O=c1[nH]c(CCN2CCCC2Cn2cncn2)nc2ccccc12,IC50,34303.83,nM,No
CHEMBL3491120,O=c1[nH]c(CCN2CCCC2Cn2cccn2)nc2ccccc12,IC50,47511.59,nM,No
CHEMBL3487486,COc1cccc(S(=O)(=O)NC(=O)CCC2CCCC2)c1,IC50,100000.0,nM,No
CHEMBL3487486,COc1cccc(S(=O)(=O)NC(=O)CCC2CCCC2)c1,IC50,100000.0,nM,No
CHEMBL3491149,CC(C)c1ncc2c(n1)CN(Cc1noc(-c3ccccc3)n1)CC2,IC50,36936.1,nM,No
CHEMBL3488599,CCOc1ncccc1NC(=O)N1CCN(c2ccc(O)cc2)CC1,IC50,100000.0,nM,No
CHEMBL3488599,CCOc1ncccc1NC(=O)N1CCN(c2ccc(O)cc2)CC1,IC50,100000.0,nM,No
CHEMBL3488603,Cc1ccc(C(C)N(C)Cc2nc3c(cnn3C)c(=O)[nH]2)s1,IC50,100000.0,nM,No
CHEMBL3488603,Cc1ccc(C(C)N(C)Cc2nc3c(cnn3C)c(=O)[nH]2)s1,IC50,100000.0,nM,No
CHEMBL3488612,COc1ccccc1C(C)N(C)Cc1nc2c(cnn2C)c(=O)[nH]1,IC50,100000.0,nM,No
CHEMBL3491328,CC(C)c1ncc2c(n1)CN(CCCc1nc3ccccc3o1)CC2,IC50,100000.0,nM,No
CHEMBL3491346,NC(=O)NC(=O)CCN1CCN(c2nccs2)CC1,IC50,35094.77,nM,No
CHEMBL3492299,CCOc1cccc2c1OCC(C(=O)NS(=O)(=O)c1c(C)noc1C)=C2,IC50,69293.98,nM,No
CHEMBL3492299,CCOc1cccc2c1OCC(C(=O)NS(=O)(=O)c1c(C)noc1C)=C2,IC50,100000.0,nM,No
CHEMBL3488662,Cc1ccc(C2CCCN2S(=O)(=O)N(C)CCc2ccccn2)o1,IC50,100000.0,nM,No
CHEMBL3488662,Cc1ccc(C2CCCN2S(=O)(=O)N(C)CCc2ccccn2)o1,IC50,100000.0,nM,No
CHEMBL3488698,COCCCNC(=O)CN(C)C(=O)c1cc(Cl)ccc1O,IC50,87769.48,nM,No
CHEMBL3488698,COCCCNC(=O)CN(C)C(=O)c1cc(Cl)ccc1O,IC50,100000.0,nM,No
CHEMBL3488746,O=C(CN1CCOC(CNc2cccnn2)C1)NCc1cccs1,IC50,100000.0,nM,No
CHEMBL3488749,c1ccc2nc(CN3CCCC3c3noc(C4CC4)n3)ccc2c1,IC50,23834.32,nM,No
CHEMBL3488761,Cc1nnc(NCc2ccccc2F)c(C#N)c1C,IC50,78575.93,nM,No
CHEMBL3498261,CSc1ccc(CNC(c2ccccc2F)c2nccn2C)cc1.Cl,IC50,16438.96,nM,No
CHEMBL3498262,Cc1ccc(CNC(c2ccccc2)c2nccn2C)cc1.Cl,IC50,19900.04,nM,No
CHEMBL3488763,Cn1ccnc1C(NCc1ccc(Br)cc1)c1ccccc1,IC50,17682.55,nM,No
CHEMBL3488764,COc1cccc(C(NCc2ccc(SC)cc2)c2nccn2C)c1,IC50,6392.16,nM,Yes
CHEMBL3488765,COc1ccccc1C(NCc1ccc(SC)cc1)c1nccn1C,IC50,48793.97,nM,No
CHEMBL3488767,CSc1ccc(CNC(c2ccc(F)cc2)c2nccn2C)cc1,IC50,32457.31,nM,No
CHEMBL3488768,Cn1ccnc1C(NCc1ccccc1)c1ccc(F)cc1,IC50,100000.0,nM,No
CHEMBL3488771,COc1cc(CNC(c2ccccc2)c2nccn2C)cc(OC)c1,IC50,2414.83,nM,Yes
CHEMBL3488808,Cc1cc(C)cc(CNC(c2ccccc2)c2nccn2C)c1,IC50,4290.9,nM,Yes
CHEMBL3492494,CC(Cn1cccn1)NCc1csc(COc2ccc(F)cc2)n1,IC50,17190.74,nM,No
CHEMBL3492498,CC(Cn1cccn1)NCc1csc(Cc2ccccc2)n1,IC50,12687.63,nM,No
CHEMBL3492504,CC(C)C1CCCN1CCCc1nc(-c2cccs2)no1,IC50,100000.0,nM,No
CHEMBL3492505,c1ccc(-c2nc(CN3CCCC(Cn4cncn4)C3)cs2)cc1,IC50,54610.83,nM,No
CHEMBL3498284,COc1ccc(CCNCc2c(C)nn(C)c2N(C)C)cc1OC.Cl,IC50,100000.0,nM,No
CHEMBL3488903,CCC(=O)N1CCN(C(=O)Cn2cccn2)CC1,IC50,22202.86,nM,No
CHEMBL3492614,CCc1nnc(CNC2CCc3nc(C(C)C)nn3C2)o1,IC50,100000.0,nM,No
CHEMBL36,CCc1nc(N)nc(N)c1-c1ccc(Cl)cc1,IC50,37350.0,nM,No
CHEMBL64,NNC(=O)c1ccncc1,IC50,180.0,nM,Yes
CHEMBL44884,CC[C@@H](CO)NCCN[C@@H](CC)CO,IC50,1560.0,nM,Yes
CHEMBL771,N[C@@H]1CONC1=O,IC50,12470.0,nM,No
CHEMBL177,NCC[C@H](O)C(=O)N[C@@H]1C[C@H](N)[C@@H](O[C@H]2O[C@H](CN)[C@@H](O)[C@H](O)[C@H]2O)[C@H](O)[C@H]1O[C@H]1O[C@H](CO)[C@@H](O)[C@H](N)[C@H]1O,IC50,70.0,nM,Yes
CHEMBL4789991,O=C1c2ccccc2C(=O)C12N1CSC[C@@H]1[C@@H](c1cccs1)[C@@]21CSc2ccccc2C1=O,IC50,12870.0,nM,No
CHEMBL4757955,O=C1c2ccccc2C(=O)C12N1CSC[C@@H]1[C@@H](c1cccc3ccccc13)[C@@]21CSc2ccccc2C1=O,IC50,28570.0,nM,No
CHEMBL4797884,O=C1c2ccccc2C(=O)C12N1CSC[C@@H]1[C@@H](c1ccc(Cl)cc1Cl)[C@@]21CSc2ccccc2C1=O,IC50,2870.0,nM,Yes
CHEMBL4748587,O=C1c2ccccc2C(=O)C12N1CSC[C@@H]1[C@@H](c1ccccc1Cl)[C@@]21CSc2ccccc2C1=O,IC50,8570.0,nM,Yes
CHEMBL4797575,O=C1c2ccccc2C(=O)C12N1CSC[C@@H]1[C@@H](c1cccc(Br)c1)[C@@]21CSc2ccccc2C1=O,IC50,17200.0,nM,No
CHEMBL4761620,O=C1c2ccccc2C(=O)C12N1CSC[C@@H]1[C@@H](c1cccc(F)c1)[C@@]21CSc2ccccc2C1=O,IC50,16380.0,nM,No
CHEMBL4752440,COc1ccc([C@@H]2[C@H]3CSCN3C3(C(=O)c4ccccc4C3=O)[C@]23CSc2ccccc2C3=O)cc1,IC50,12870.0,nM,No
CHEMBL4756742,CC(C)c1ccc([C@@H]2[C@H]3CSCN3C3(C(=O)c4ccccc4C3=O)[C@]23CSc2ccccc2C3=O)cc1,IC50,44950.0,nM,No
CHEMBL4760400,Cc1ccc([C@@H]2[C@H]3CSCN3C3(C(=O)c4ccccc4C3=O)[C@]23CSc2ccccc2C3=O)cc1,IC50,28570.0,nM,No
CHEMBL4754171,O=C1c2ccccc2C(=O)C12N1CSC[C@@H]1[C@@H](c1ccccc1)[C@@]21CSc2ccccc2C1=O,IC50,16300.0,nM,No
CHEMBL4762214,O=C1c2ccccc2C(=O)C12N1CSC[C@@H]1[C@@H](c1ccc(Br)cc1)[C@@]21CSc2ccccc2C1=O,IC50,21910.0,nM,No
CHEMBL4743869,O=C1c2ccccc2C(=O)C12N1CSC[C@@H]1[C@@H](c1ccc(Cl)cc1)[C@@]21CSc2ccccc2C1=O,IC50,7200.0,nM,Yes
CHEMBL4788300,O=C1c2ccccc2C(=O)C12N1CSC[C@@H]1[C@@H](c1ccc(F)cc1)[C@@]21CSc2ccccc2C1=O,IC50,13190.0,nM,No
CHEMBL4763528,CN1C[C@@H](c2cccs2)[C@@]2(CSc3ccccc3C2=O)C12C(=O)c1ccccc1C2=O,IC50,25870.0,nM,No
CHEMBL4794820,CN1C[C@@H](c2cccc3ccccc23)[C@@]2(CSc3ccccc3C2=O)C12C(=O)c1ccccc1C2=O,IC50,6870.0,nM,Yes
CHEMBL4780172,CN1C[C@@H](c2ccc(Cl)cc2Cl)[C@@]2(CSc3ccccc3C2=O)C12C(=O)c1ccccc1C2=O,IC50,1070.0,nM,Yes
CHEMBL4755928,CN1C[C@@H](c2ccccc2Br)[C@@]2(CSc3ccccc3C2=O)C12C(=O)c1ccccc1C2=O,IC50,18280.0,nM,No
CHEMBL4754607,CN1C[C@@H](c2ccccc2Cl)[C@@]2(CSc3ccccc3C2=O)C12C(=O)c1ccccc1C2=O,IC50,47200.0,nM,No
CHEMBL4739877,CN1C[C@@H](c2cccc(Br)c2)[C@@]2(CSc3ccccc3C2=O)C12C(=O)c1ccccc1C2=O,IC50,5810.0,nM,Yes
CHEMBL4799570,CN1C[C@@H](c2cccc(F)c2)[C@@]2(CSc3ccccc3C2=O)C12C(=O)c1ccccc1C2=O,IC50,4280.0,nM,Yes
CHEMBL4747183,COc1ccc([C@@H]2CN(C)C3(C(=O)c4ccccc4C3=O)[C@]23CSc2ccccc2C3=O)cc1,IC50,18280.0,nM,No
CHEMBL4791084,CC(C)c1ccc([C@@H]2CN(C)C3(C(=O)c4ccccc4C3=O)[C@]23CSc2ccccc2C3=O)cc1,IC50,25870.0,nM,No
CHEMBL4800067,CN1C[C@@H](c2ccccc2)[C@@]2(CSc3ccccc3C2=O)C12C(=O)c1ccccc1C2=O,IC50,15170.0,nM,No
CHEMBL4740786,CN1C[C@@H](c2ccc(Br)cc2)[C@@]2(CSc3ccccc3C2=O)C12C(=O)c1ccccc1C2=O,IC50,29950.0,nM,No
CHEMBL4744408,CN1C[C@@H](c2ccc(Cl)cc2)[C@@]2(CSc3ccccc3C2=O)C12C(=O)c1ccccc1C2=O,IC50,8460.0,nM,Yes
CHEMBL4791351,CN1C[C@@H](c2ccc(F)cc2)[C@@]2(CSc3ccccc3C2=O)C12C(=O)c1ccccc1C2=O,IC50,11070.0,nM,No
CHEMBL4797045,Cc1ccc([C@@H]2CN(C)C3(C(=O)c4ccccc4C3=O)[C@]23CSc2ccccc2C3=O)cc1,IC50,47200.0,nM,No
CHEMBL4795102,O=C(CCCC(F)(F)F)C1CCC(c2nc(-c3nccs3)no2)CC1,IC50,400.0,nM,Yes
CHEMBL4869028,CCCCCc1ccc(-c2cn(CCC[C@@H]3CO[C@H](COS(=O)(=O)NC(=O)[C@@H](N)CC(C)C)[C@@H](O)[C@H]3O)nn2)cc1,IC50,24700.0,nM,No
CHEMBL32,COc1c(N2C[C@@H]3CCCN[C@@H]3C2)c(F)cc2c(=O)c(C(=O)O)cn(C3CC3)c12,IC50,250.0,nM,Yes
CHEMBL64,NNC(=O)c1ccncc1,IC50,100.0,nM,Yes
CHEMBL3603852,Nc1nc2c(ncn2CCN(CCOCc2ccccc2)CCP(=O)(O)O)c(=O)[nH]1,IC50,1100.0,nM,Yes
